imdb_id	reference_title
tt0015864	The Gold Rush
tt0017743	Chang
tt0017806	The Devil Dancer
tt0017822	The Dove
tt0017979	The Private Life of Helen of Troy
tt0018037	The Jazz Singer
tt0018129	The Magic Flame
tt0018253	The Patent Leather Kid
tt0018379	7th Heaven
tt0018389	A Ship Comes In
tt0018429	Sorrell and Son
tt0018455	Sunrise
tt0018515	Two Arabian Knights
tt0018526	Underworld
tt0018578	Wings
tt0018666	The Awakening
tt0018674	The Barker
tt0018773	The Circus
tt0018792	The Cop
tt0018806	The Crowd
tt0018907	Four Devils
tt0018945	Glorious Betsy
tt0019071	The Last Command
tt0019217	The Noose
tt0019237	Our Dancing Daughters
tt0019257	The Patriot
tt0019304	The Racket
tt0019344	Sadie Thompson
tt0019348	Sal of Singapore
tt0019398	Skyscraper
tt0019412	Speedy
tt0019429	Street Angel
tt0019451	Tempest
tt0019553	The Way of All Flesh
tt0019557	Weary River
tt0019574	White Shadows in the South Seas
tt0019591	A Woman of Affairs
tt0019630	Alibi
tt0019722	The Bridge of San Luis Rey
tt0019729	The Broadway Melody
tt0019735	Bulldog Drummond
tt0019785	Condemned
tt0019788	Coquette
tt0019823	Disraeli
tt0019824	The Divine Lady
tt0019833	Drag
tt0019843	Dynamite
tt0019959	Hallelujah
tt0019993	Hollywood Revue
tt0020018	In Old Arizona
tt0020081	The Last of Mrs. Cheyney
tt0020088	The Leatherneck
tt0020092	The Letter
tt0020112	The Love Parade
tt0020126	Madame X
tt0020358	Sally
tt0020488	Their Own Desire
tt0020499	Thunderbolt
tt0020514	The Trespasser
tt0020543	The Valiant
tt0020594	With Byrd at the South Pole
tt0020603	Wonder of Women
tt0020629	All Quiet on the Western Front
tt0020641	Anna Christie
tt0020686	The Big House
tt0020690	The Big Pond
tt0020744	The Case of Sergeant Grischa
tt0020815	The Dawn Patrol
tt0020823	The Devil's Holiday
tt0020827	The Divorcee
tt0020836	The Doorway to Hell
tt0020938	The Green Goddess
tt0020960	Hell's Angels
tt0020985	Holiday
tt0021016	Just Imagine
tt0021025	King of Jazz
tt0021053	Laughter
tt0021079	Little Caesar
tt0021148	Min and Bill
tt0021156	Morocco
tt0021281	Raffles
tt0021301	The Right to Love
tt0021307	The Rogue Song
tt0021310	Romance
tt0021322	The Royal Family of Broadway
tt0021335	Sarah and Son
tt0021404	Song of the Flame
tt0021420	Street of Chance
tt0021511	The Vagabond King
tt0021549	Whoopee!
tt0021622	Arrowsmith
tt0021635	Bad Girl
tt0021730	The Champ
tt0021746	Cimarron
tt0021770	The Criminal Code
tt0021826	East Lynne
tt0021873	Five Star Final
tt0021885	A Free Soul
tt0021890	The Front Page
tt0021931	The Guardsman
tt0022074	The Smiling Lieutenant
tt0022147	Mickey's Orphans
tt0022286	The Public Enemy
tt0022386	The Sin of Madelon Claudet
tt0022397	Skippy
tt0022403	Smart Money
tt0022430	The Star Witness
tt0022454	Svengali
tt0022458	Tabu
tt0022495	Trader Horn
tt0022500	Transatlantic
tt0022599	À Nous la Liberté
tt0022835	Dr. Jekyll and Mr. Hyde
tt0022854	Emma
tt0022879	A Farewell to Arms
tt0022899	Flowers and Trees
tt0022958	Grand Hotel
tt0023042	I Am a Fugitive from a Chain Gang
tt0023067	It's Got Me Again
tt0023109	Lady and Gent
tt0023152	The Loud Mouth
tt0023251	The Music Box
tt0023303	One Hour with You
tt0023305	One Way Passage
tt0023374	Rasputin and the Empress
tt0023441	Screen Souvenirs
tt0023443	The Sea
tt0023458	Shanghai Express
tt0023470	The Sign of the Cross
tt0023488	Smilin' Through
tt0023517	Stout Hearts and Willing Hands
tt0023686	What Price Hollywood?
tt0023711	Wrestling Swordfish
tt0023794	Berkeley Square
tt0023854	Building a Building
tt0023876	Cavalcade
tt0023990	Eskimo
tt0024025	Flying Down to Rio
tt0024034	42nd Street
tt0024069	Gold Diggers of 1933
tt0024231	Krakatoa
tt0024240	Lady for a Day
tt0024264	Little Women
tt0024327	Menu
tt0024342	Mister Mugg
tt0024353	Morning Glory
tt0024467	A Preferred List
tt0024473	The Private Life of Henry VIII
tt0024475	The Prizefighter and the Lady
tt0024496	Reunion in Vienna
tt0024548	She Done Him Wrong
tt0024580	So This Is Harris
tt0024610	State Fair
tt0024660	The Three Little Pigs
tt0024763	When Ladies Meet
tt0024777	Wings over Mt. Everest
tt0024816	The Affairs of Cellini
tt0024823	All the King's Horses
tt0024865	The Barretts of Wimpole Street
tt0024909	Bosom Friends
tt0024986	City of Wax
tt0024991	Cleopatra
tt0025019	La Cucaracha
tt0025124	Flirtation Walk
tt0025164	The Gay Divorcee
tt0025238	Here Comes the Navy
tt0025251	Hide-Out
tt0025260	Holiday Land
tt0025272	The House of Rothschild
tt0025301	Imitation of Life
tt0025316	It Happened One Night
tt0025332	Jolly Little Elves
tt0025423	The Lost Patrol
tt0025464	Manhattan Melodrama
tt0025488	Men in Black
tt0025493	The Merry Widow
tt0025586	Of Human Bondage
tt0025601	One Night of Love
tt0025607	Operator 13
tt0025718	The Richest Girl in the World
tt0025774	She Loves Me Not
tt0025840	Strikes and Spares
tt0025878	The Thin Man
tt0025948	Viva Villa!
tt0025977	What, No Men!
tt0025986	The White Parade
tt0026027	$1,000 a Minute
tt0026056	Alice Adams
tt0026086	Audioscopiks
tt0026097	Barbary Coast
tt0026104	Becky Sharp
tt0026113	Big Broadcast of 1936
tt0026121	Black Fury
tt0026138	Bride of Frankenstein
tt0026143	Broadway Hostess
tt0026144	Broadway Melody of 1936
tt0026162	The Calico Dragon
tt0026167	Camera Thrills
tt0026174	Captain Blood
tt0026249	The Crusades
tt0026261	Dangerous
tt0026264	The Dark Angel
tt0026266	David Copperfield
tt0026320	Escape Me Never
tt0026373	Folies Bergere
tt0026393	G-Men
tt0026400	The Gay Deception
tt0026418	Go into Your Dance
tt0026421	Gold Diggers of 1935
tt0026497	How to Sleep
tt0026507	I Dream Too Much
tt0026529	The Informer
tt0026571	King of Burlesque
tt0026643	The Lives of a Bengal Lancer
tt0026654	Love Me Forever
tt0026714	A Midsummer Night's Dream
tt0026725	Les Miserables
tt0026752	Mutiny on the Bounty
tt0026768	Naughty Marietta
tt0026803	Oh, My Nerves
tt0026866	Peter Ibbetson
tt0026880	Popular Science J-6-2
tt0026893	Private Worlds
tt0026942	Roberta
tt0026955	Ruggles of Red Gap
tt0026970	The Scoundrel
tt0026983	She
tt0027075	A Tale of Two Cities
tt0027088	Thanks a Million
tt0027100	Three Orphan Kittens
tt0027113	Tit for Tat
tt0027125	Top Hat
tt0027126	The Tortoise and the Hare
tt0027212	Who Killed Cock Robin?
tt0027260	After the Thin Man
tt0027300	Anthony Adverse
tt0027331	Banjo on My Knee
tt0027367	Black Legion
tt0027385	Bored of Education
tt0027387	Born to Dance
tt0027413	Cain and Mabel
tt0027438	The Charge of the Light Brigade
tt0027459	Come and Get It
tt0027468	The Country Cousin
tt0027496	Dancing Pirate
tt0027532	Dodsworth
tt0027556	Dummy Ache
tt0027616	La Fiesta de Santa Barbara
tt0027652	Fury
tt0027657	The Garden of Allah
tt0027664	The General Died at Dawn
tt0027665	General Spanky
tt0027678	Give Me Liberty
tt0027686	Gold Diggers of 1937
tt0027690	The Gorgeous Hussy
tt0027698	The Great Ziegfeld
tt0027869	The Last of the Mohicans
tt0027884	Libeled Lady
tt0027902	Lloyds of London
tt0027930	The Magnificent Brute
tt0027988	Moscow Moods
tt0027996	Mr. Deeds Goes to Town
tt0028010	My Man Godfrey
tt0028057	Old Mill Pond
tt0028063	One in a Million
tt0028092	Pennies from Heaven
tt0028103	Pigskin Parade
tt0028119	Sinbad the Sailor
tt0028146	The Public Pays
tt0028203	Romeo and Juliet
tt0028216	San Francisco
tt0028255	Sing, Baby, Sing
tt0028313	The Story of Louis Pasteur
tt0028330	Suzy
tt0028333	Swing Time
tt0028352	The Texas Rangers
tt0028354	That Girl from Paris
tt0028355	Theodora Goes Wild
tt0028356	These Three
tt0028373	Three Smart Girls
tt0028401	Trail of the Lonesome Pine
tt0028455	Valiant Is the Word for Carrie
tt0028480	Wanted, a Master
tt0028511	Winterset
tt0028566	Ali Baba Goes to Town
tt0028587	Artists and Models
tt0028597	The Awful Truth
tt0028683	Camille
tt0028691	Captains Courageous
tt0028739	Conquest
tt0028757	A Damsel in Distress
tt0028772	A Day at the Races
tt0028773	Dead End
tt0028777	Deep South
tt0028819	Educated Fish
tt0028843	Every Day's a Holiday
tt0028931	The Girl Said No
tt0028944	The Good Earth
tt0028950	Grand Illusion
tt0029006	Hitting a New High
tt0029030	The Hurricane
tt0029047	In Old Chicago
tt0029146	The Life of Emile Zola
tt0029151	The Little Match Girl
tt0029162	Lost Horizon
tt0029193	Make a Wish
tt0029204	The Man without a Country
tt0029209	Manhattan Merry-Go-Round
tt0029222	Maytime
tt0029267	Mr. Dodd Takes the Air
tt0029284	My Favorite Wife
tt0029310	Night Must Fall
tt0029311	A Night at the Movies
tt0029339	The Old Mill
tt0029347	One Hundred Men and a Girl
tt0029385	Penny Wisdom
tt0029416	Popular Science J-7-1
tt0029433	Portia on Trial
tt0029442	The Prisoner of Zenda
tt0029443	The Private Life of the Gannets
tt0029454	Quality Street
tt0029467	Ready, Willing and Able
tt0029497	Romance of Radium
tt0029546	Shall We Dance
tt0029555	Should Wives Work?
tt0029583	Snow White and the Seven Dwarfs
tt0029588	Something to Sing About
tt0029593	Souls at Sea
tt0029604	Stage Door
tt0029606	A Star Is Born
tt0029608	Stella Dallas
tt0029659	Thin Ice
tt0029682	Topper
tt0029684	Torture Money
tt0029725	Varsity Show
tt0029737	Walter Wanger's Vogues of 1938
tt0029742	Waikiki Wedding
tt0029747	Way Out West
tt0029751	Wee Willie Winkie
tt0029752	Wells Fargo
tt0029784	Wings over Honolulu
tt0029809	You're a Sweetheart
tt0029843	The Adventures of Robin Hood
tt0029844	The Adventures of Tom Sawyer
tt0029852	Alexander's Ragtime Band
tt0029855	Algiers
tt0029870	Angels with Dirty Faces
tt0029880	Army Girl
tt0029912	The Big Broadcast of 1938
tt0029923	Block-Heads
tt0029924	Blockade
tt0029942	Boys Town
tt0029943	Brave Little Tailor
tt0029945	Breaking the Ice
tt0029950	The Buccaneer
tt0029971	Carefree
tt0029995	The Citadel
tt0030018	The Cowboy and the Lady
tt0030046	Declaration of Independence
tt0030128	Ferdinand the Bull
tt0030149	Four Daughters
tt0030184	Girls' School
tt0030190	Going Places
tt0030194	The Goldwyn Follies
tt0030196	Good Scouts
tt0030201	The Great Heart
tt0030202	The Great Waltz
tt0030241	Holiday
tt0030250	Hunky and Spunky
tt0030265	If I Were King
tt0030287	Jezebel
tt0030317	Kentucky
tt0030340	The Lady Objects
tt0030395	Mad about Music
tt0030413	Mannequin
tt0030418	Marie Antoinette
tt0030442	Merrily We Live
tt0030465	Mother Goose Goes Hollywood
tt0030517	Of Human Hearts
tt0030637	Pygmalion
tt0030775	Spawn of the North
tt0030798	Storm over Bengal
tt0030811	Suez
tt0030817	Sweethearts
tt0030823	Swingtime in the Movies
tt0030848	Test Pilot
tt0030854	That Certain Age
tt0030855	That Mothers Might Live
tt0030856	There Goes My Heart
tt0030860	They're Always Caught
tt0030865	Three Comrades
tt0030872	Timber Toppers
tt0030897	Tropic Holiday
tt0030910	Under Western Stars
tt0030944	Vivacious Lady
tt0030973	White Banners
tt0030993	You Can't Take It with You
tt0031002	The Young in Heart
tt0031066	Babes in Arms
tt0031067	Bachelor Mother
tt0031074	Balalaika
tt0031088	Beau Geste
tt0031128	Busy Little Bears
tt0031137	Captain Fury
tt0031210	Dark Victory
tt0031227	Detouring America
tt0031252	Drums along the Mohawk
tt0031253	Drunk Driving
tt0031282	Eternally Yours
tt0031311	First Love
tt0031316	Five Times Five
tt0031334	Four Feathers
tt0031377	Golden Boy
tt0031381	Gone with the Wind
tt0031385	Goodbye, Mr. Chips
tt0031393	The Great Victor Herbert
tt0031397	Gulliver's Travels
tt0031398	Gunga Din
tt0031455	The Hunchback of Notre Dame
tt0031484	Information Please
tt0031491	Intermezzo
tt0031516	Juarez
tt0031549	Lady of the Tropics
tt0031593	Love Affair
tt0031619	The Man in the Iron Mask
tt0031620	Man of Conquest
tt0031650	The Mikado
tt0031679	Mr. Smith Goes to Washington
tt0031725	Ninotchka
tt0031737	Nurse Edith Cavell
tt0031742	Of Mice and Men
tt0031762	Only Angels Have Wings
tt0031774	Pacific Liner
tt0031790	Peace on Earth
tt0031803	The Pointer
tt0031826	The Private Lives of Elizabeth and Essex
tt0031827	Prophet without Honor
tt0031835	The Rains Came
tt0031907	Second Fiddle
tt0031921	She Married a Cop
tt0031953	Sons of Liberty
tt0031971	Stagecoach
tt0031996	Swanee River
tt0032000	Sword Fishing
tt0032023	They Shall Have Music
tt0032043	Topper Takes a Trip
tt0032071	The Ugly Duckling
tt0032080	Union Pacific
tt0032114	Way Down South
tt0032124	When Tomorrow Comes
tt0032138	The Wizard of Oz
tt0032145	Wuthering Heights
tt0032155	Young Mr. Lincoln
tt0032181	Abe Lincoln in Illinois
tt0032194	All This, and Heaven Too
tt0032209	Angels over Broadway
tt0032220	Arise, My Love
tt0032221	Arizona
tt0032246	Behind the News
tt0032256	Bitter Sweet
tt0032264	The Blue Bird
tt0032273	Boom Town
tt0032276	The Boys from Syracuse
tt0032304	Captain Caution
tt0032349	Comrade X
tt0032383	The Dark Command
tt0032410	Down Argentine Way
tt0032412	Dr. Cyclops
tt0032413	Dr. Ehrlich's Magic Bullet
tt0032432	Edison, the Man
tt0032449	Eyes of the Navy
tt0032455	Fantasia
tt0032465	The Fight for Life
tt0032477	Flight Command
tt0032484	Foreign Correspondent
tt0032551	The Grapes of Wrath
tt0032553	The Great Dictator
tt0032554	The Great McGinty
tt0032600	Hit Parade of 1941
tt0032610	The House of the Seven Gables
tt0032612	The Howards of Virginia
tt0032635	The Invisible Man Returns
tt0032637	The Invisible Woman
tt0032638	Irene
tt0032671	Kitty Foyle
tt0032701	The Letter
tt0032710	Lillian Russell
tt0032723	London Can Take It
tt0032728	The Long Voyage Home
tt0032762	The Mark of Zorro
tt0032794	The Milky Way
tt0032810	More about Nostradamus
tt0032823	Music in My Heart
tt0032831	My Son, My Son!
tt0032842	Night Train
tt0032850	North West Mounted Police
tt0032851	Northwest Passage
tt0032871	One Million B.C.
tt0032881	Our Town
tt0032904	The Philadelphia Story
tt0032910	Pinocchio
tt0032943	Pride and Prejudice
tt0032946	Primrose Path
tt0032953	Puss Gets the Boot
tt0032960	Quicker 'N a Wink
tt0032976	Rebecca
tt0032986	Rhythm on the River
tt0033028	The Sea Hawk
tt0033029	Second Chorus
tt0033037	Service with the Colors
tt0033050	Siege
tt0033076	The Son of Monte Cristo
tt0033095	Spring Parade
tt0033110	Strike Up the Band
tt0033124	Swiss Family Robinson
tt0033138	Teddy, the Rough Rider
tt0033150	They Knew What They Wanted
tt0033152	The Thief of Bagdad
tt0033167	Tin Pan Alley
tt0033174	Too Many Husbands
tt0033196	Typhoon
tt0033238	Waterloo Bridge
tt0033253	The Westerner
tt0033260	A Wild Hare
tt0033274	Women in War
tt0033283	You'll Find Out
tt0033316	Adventure in the Bronx
tt0033322	Alive in the Deep
tt0033323	All-American Co-Ed
tt0033331	Aloma of the South Seas
tt0033348	Appointment for Love
tt0033354	Army Champions
tt0033365	Back Street
tt0033373	Ball of Fire
tt0033381	Beauty and the Beach
tt0033389	Billy the Kid
tt0033396	Birth of the Blues
tt0033405	Blood and Sand
tt0033407	Blossoms in the Dust
tt0033409	Blues in the Night
tt0033423	Bomber
tt0033424	Boogie Woogie Bugle Boy of Company B
tt0033436	Buck Privates
tt0033459	Cheers for Miss Bishop
tt0033464	The Chocolate Soldier
tt0033465	Christmas under Fire
tt0033466	Churchill's Island
tt0033467	Citizen Kane
tt0033490	The Corsican Brothers
tt0033531	The Devil Pays Off
tt0033532	All That Money Can Buy
tt0033533	The Devil and Miss Jones
tt0033537	Dive Bomber
tt0033552	Down on the Farm
tt0033553	Dr. Jekyll and Mr. Hyde
tt0033563	Dumbo
tt0033606	The Flame of New Orleans
tt0033618	Forbidden Passage
tt0033626	Forty Boys and a Song
tt0033627	The Invaders
tt0033651	The Gay Parisian
tt0033677	The Great Lie
tt0033704	Hellzapoppin'
tt0033712	Here Comes Mr. Jordan
tt0033715	Hiawatha's Rabbit Hunt
tt0033722	Hold Back the Dawn
tt0033729	How Green Was My Valley
tt0033730	How War Came
tt0033741	I Wanted Wings
tt0033749	Ice-Capades
tt0033766	It Started with Eve
tt0033774	Johnny Eager
tt0033787	King of the Zombies
tt0033788	Kings of the Turf
tt0033802	Ladies in Retirement
tt0033803	Lady Be Good
tt0033804	The Lady Eve
tt0033814	Las Vegas Nights
tt0033824	Lend a Paw
tt0033828	Letter from Home
tt0033833	Life of a Thoroughbred
tt0033836	The Little Foxes
tt0033851	Louisiana Purchase
tt0033858	Lydia
tt0033866	Main Street on the March!
tt0033870	The Maltese Falcon
tt0033891	Meet John Doe
tt0033900	The Men in Her Life
tt0033906	Mercy Island
tt0033952	The Night before Christmas
tt0033961	Norway in Revolt
tt0033969	Of Pups and Puzzles
tt0033980	One Foot in Heaven
tt0034012	Penny Serenade
tt0034097	Rhapsody in Rivets
tt0034098	Rhythm in the Ranks
tt0034106	Ridin' on a Rainbow
tt0034127	The Rookie Bear
tt0034143	Sagebrush and Silver
tt0034162	The Sea Wolf
tt0034167	Sergeant York
tt0034175	The Shanghai Gesture
tt0034193	Sis Hopkins
tt0034198	Skylark
tt0034208	So Ends Our Night
tt0034213	Soldiers of the Sky
tt0034236	The Strawberry Blonde
tt0034241	Sun Valley Serenade
tt0034242	Sundown
tt0034243	Sunny
tt0034247	Superman
tt0034248	Suspicion
tt0034262	Tall, Dark and Handsome
tt0034263	The Tanks Are Coming
tt0034264	Tanks a Million
tt0034272	That Hamilton Woman
tt0034274	That Uncertain Feeling
tt0034285	This Woman Is Mine
tt0034299	Tom, Dick and Harry
tt0034303	Topper Returns
tt0034314	Truant Officer Donald
tt0034372	War Clouds in the Pacific
tt0034386	When Ladies Meet
tt0034405	A Yank in the R.A.F.
tt0034409	You'll Never Get Rich
tt0034434	Africa, Prelude to Victory
tt0034448	All Out for 'V'
tt0034454	Always in My Heart
tt0034465	Arabian Nights
tt0034485	Babes on Broadway
tt0034492	Bambi
tt0034498	The Battle of Midway
tt0034511	Beyond the Line of Duty
tt0034522	The Black Swan
tt0034524	Blitz Wolf
tt0034578	Captains of the Clouds
tt0034583	Casablanca
tt0034608	Combat Report
tt0034610	Conquer by the Clock
tt0034644	Desert Wonderland
tt0034646	Desperate Journey
tt0034666	Don't Talk
tt0034742	Flying Tigers
tt0034743	Flying with Music
tt0034746	For Me and My Gal
tt0034757	Friendly Enemies
tt0034780	George Washington Slept Here
tt0034806	The Grain That Built a Hemisphere
tt0034843	Henry Browne, Farmer
tt0034851	High over the Borders
tt0034852	High Stakes in the East
tt0034862	Holiday Inn
tt0034881	I Married a Witch
tt0034891	In Which We Serve
tt0034897	Inside Fighting China
tt0034902	Invisible Agent
tt0034906	It's Everybody's War
tt0034919	Joan of Paris
tt0034921	Johnny Doughboy
tt0034925	Juke Box Jamboree
tt0034928	Jungle Book
tt0034942	Kill or Be Killed
tt0034946	Kings Row
tt0034948	Klondike Fury
tt0034951	Kokoda Front Line!
tt0034978	Listen to Britain
tt0034979	Little Belgium
tt0034981	Little Isles of Freedom
tt0035015	The Magnificent Ambersons
tt0035041	Marines in the Making
tt0035048	The Mayor of 44th Street
tt0035078	The Moon and Sixpence
tt0035082	Moontide
tt0035085	Moscow Strikes Back
tt0035088	Mr. Blabbermouth!
tt0035091	Mr. Gardenia Jones
tt0035093	Mrs. Miniver
tt0035103	My Gal Sal
tt0035105	My Sister Eileen
tt0035113	The Navy Comes Through
tt0035120	The New Spirit
tt0035140	Now, Voyager
tt0035151	Once upon a Honeymoon
tt0035153	One of Our Aircraft Is Missing
tt0035157	Orchestra Wives
tt0035189	The Pied Piper
tt0035209	Prelude to War
tt0035210	The Price of Victory
tt0035211	The Pride of the Yankees
tt0035219	Private Smith of the U.S.A.
tt0035238	Random Harvest
tt0035244	Reap the Wild Wind
tt0035262	Road to Morocco
tt0035321	A Ship Is Born
tt0035335	Silver Queen
tt0035366	Speaking of Animals and Their Families
tt0035369	The Spoilers
tt0035379	Star Spangled Rhythm
tt0035413	Take a Letter, Darling
tt0035417	The Talk of the Town
tt0035421	Ten Gentlemen from West Point
tt0035423	Kate & Leopold
tt0035431	This above All
tt0035446	To Be or Not to Be
tt0035447	To the Shores of Tripoli
tt0035460	Tortilla Flat
tt0035476	Tulips Shall Grow
tt0035478	Twenty-One Miles
tt0035493	United States Marine Band
tt0035530	Wake Island
tt0035531	The War against Mrs. Hadley
tt0035536	We Refuse to Die
tt0035554	White Eagle
tt0035565	Winning Your Wings
tt0035567	Woman of the Year
tt0035575	Yankee Doodle Dandy
tt0035583	You Were Never Lovelier
tt0035587	Youth on Parade
tt0035602	The 500 Hats of Bartholomew Cubbins
tt0035608	Action in the North Atlantic
tt0035616	Air Force
tt0035631	The Amazing Mrs. Holliday
tt0035634	Amphibious Fighters
tt0035662	Baptism of Fire
tt0035689	Bombardier
tt0035703	Cabin in the Sky
tt0035724	Cavalcade of Dance with Veloz and Yolanda
tt0035725	Champions Carry On
tt0035727	Hit Parade of 1943
tt0035734	Children of Mars
tt0035746	Commandos Strike at Dawn
tt0035749	Coney Island
tt0035751	The Constant Nymph
tt0035757	Corvette K-225
tt0035763	Crash Dive
tt0035790	December 7th
tt0035794	Der Fuehrer's Face
tt0035796	Desert Victory
tt0035799	Destination Tokyo
tt0035812	The Dizzy Acrobat
tt0035860	The Fallen Sparrow
tt0035884	Five Graves to Cairo
tt0035888	Flight for Freedom
tt0035896	For Whom the Bell Tolls
tt0035916	The Gang's All Here
tt0035954	Greetings Bait!
tt0035959	A Guy Named Joe
tt0035966	Hangmen Also Die
tt0035979	Heaven Can Wait
tt0035981	Heavenly Music
tt0035982	Hello, Frisco, Hello
tt0035993	Hers to Hold
tt0035996	Hi Diddle Diddle
tt0036001	His Butler's Sister
tt0036008	Hollywood in Uniform
tt0036009	Holy Matrimony
tt0036022	The Human Comedy
tt0036023	Arturo Toscanini
tt0036035	Imagination
tt0036038	In Old Oklahoma
tt0036051	Jack London
tt0036057	Johnny Come Lately
tt0036065	The Kansan
tt0036094	Lady of Burlesque
tt0036098	Lassie Come Home
tt0036107	Letter to a Hero
tt0036126	Madame Curie
tt0036141	Mardi Gras
tt0036166	Mission to Moscow
tt0036172	The More the Merrier
tt0036208	No Time for Love
tt0036217	The North Star
tt0036244	The Ox-Bow Incident
tt0036261	Phantom of the Opera
tt0036264	Pigs in a Polka
tt0036268	Plan for Destruction
tt0036277	Princess O'Rourke
tt0036293	The Rear Gunner
tt0036294	Reason and Emotion
tt0036301	Report from the Aleutians
tt0036313	Riding High
tt0036323	Sahara
tt0036326	Saludos Amigos
tt0036340	Seeing Hands
tt0036342	Shadow of a Doubt
tt0036363	The Sky's the Limit
tt0036367	So Proudly We Hail!
tt0036368	So This Is Washington
tt0036375	Something to Shout About
tt0036377	The Song of Bernadette
tt0036384	Stage Door Canteen
tt0036386	Stand By for Action
tt0036405	Swedes in America
tt0036422	Thank Your Lucky Stars
tt0036430	This Is the Army
tt0036431	This Land Is Mine
tt0036432	Thousands Cheer
tt0036445	To the People of the United States
tt0036448	Tomorrow We Fly
tt0036497	Victory through Air Power
tt0036512	War Department Report
tt0036515	Watch on the Rhine
tt0036539	Wings Up
tt0036544	Women at War
tt0036547	Yankee Doodle Mouse
tt0036555	Youth in Crisis
tt0036576	Screen Snapshots' 50th Anniversary of Motion Pictures
tt0036581	Address Unknown
tt0036582	The Adventures of Mark Twain
tt0036601	And to Think I Saw It on Mulberry Street
tt0036629	The Battle of Russia
tt0036636	Belle of the Yukon
tt0036652	Blue Grass Gentlemen
tt0036658	Bombalera
tt0036670	Brazil
tt0036672	The Bridge of San Luis Rey
tt0036692	Can't Help Singing
tt0036699	Casanova Brown
tt0036711	Christmas Holiday
tt0036715	The Climax
tt0036723	Cover Girl
tt0036748	Days of Glory
tt0036755	The Desert Song
tt0036764	Dog, Cat and Canary
tt0036775	Double Indemnity
tt0036777	Dragon Seed
tt0036807	Experiment Perilous
tt0036823	The Fighting Lady
tt0036824	The Fighting Seabees
tt0036829	Fish Fry
tt0036832	Follow the Boys
tt0036840	Frenchman's Creek
tt0036855	Gaslight
tt0036868	The Best Years of Our Lives
tt0036872	Going My Way
tt0036886	Guest in the House
tt0036891	Hail the Conquering Hero
tt0036892	The Hairy Ape
tt0036910	Henry V
tt0036912	Here Come the Waves
tt0036919	Higher and Higher
tt0036922	Hollywood Canteen
tt0036926	Home in Indiana
tt0036933	How to Play Football
tt0036939	I Won't Play
tt0036961	Irish Eyes Are Smiling
tt0036962	It Happened Tomorrow
tt0036968	Jammin' the Blues
tt0036970	Janie
tt0036983	The Keys of the Kingdom
tt0036984	Kismet
tt0036988	Knickerbocker Holiday
tt0037000	Lady in the Dark
tt0037002	Lady, Let's Dance
tt0037008	Laura
tt0037017	Lifeboat
tt0037039	Main Street Today
tt0037059	Meet Me in St. Louis
tt0037070	The Merry Monahans
tt0037076	Minstrel Man
tt0037077	The Miracle of Morgan's Creek
tt0037090	Mouse Trouble
tt0037092	Movie Pests
tt0037094	Mr. Skeffington
tt0037096	Mrs. Parkington
tt0037104	Music for Millions
tt0037105	Music in Manhattan
tt0037108	My Boy Johnny
tt0037120	National Velvet
tt0037125	New Americans
tt0037135	None but the Lonely Heart
tt0037136	None Shall Escape
tt0037193	The Princess and the Pirate
tt0037215	Resisting Enemy Interrogation
tt0037253	Secret Command
tt0037258	Sensations of 1945
tt0037263	The Seventh Cross
tt0037280	Since You Went Away
tt0037297	Song of the Open Road
tt0037313	Step Lively
tt0037316	The Story of Dr. Wassell
tt0037323	The Sullivans
tt0037325	Summer Storm
tt0037333	Sweet and Low-Down
tt0037339	Swooner Crooner
tt0037366	Thirty Seconds over Tokyo
tt0037371	Three Is a Family
tt0037374	Three Russian Girls
tt0037408	Two Girls and a Sailor
tt0037415	The Uninvited
tt0037420	Up in Arms
tt0037421	Up in Mabel's Room
tt0037438	Voice in the Wind
tt0037462	The White Cliffs of Dover
tt0037463	Who's Who in Animal Land
tt0037465	Wilson
tt0037466	Wing and a Prayer
tt0037468	With the Marines at Tarawa
tt0037469	The Woman in the Window
tt0037470	Woman of the Town
tt0037498	The Affairs of Susan
tt0037510	Along the Rainbow Trail
tt0037514	Anchors Aweigh
tt0037536	The Bells of St. Mary's
tt0037547	Blood on the Sun
tt0037557	Brewster's Millions
tt0037558	Brief Encounter
tt0037575	Captain Eddie
tt0037576	Captain Kidd
tt0037614	The Corn Is Green
tt0037644	Dillinger
tt0037651	The Dolly Sisters
tt0037657	Donald's Crime
tt0037664	Earl Carroll Vanities
tt0037671	The Enchanted Cottage
tt0037674	Children of Paradise
tt0037702	Flame of Barbary Coast
tt0037725	G. I. Honeymoon
tt0037756	Guest Wife
tt0037758	A Gun in His Hand
tt0037782	Hitchhike to Happiness
tt0037783	Hitler Lives?
tt0037792	The House I Live In
tt0037795	The House on 92nd Street
tt0037816	Incendiary Blonde
tt0037828	Jasper and the Beanstalk
tt0037841	The Jury Goes Round 'N' Round
tt0037849	Kitty
tt0037859	Lady on a Train
tt0037861	The Last Bomb
tt0037865	Leave Her to Heaven
tt0037875	Library of Congress
tt0037879	Life with Feathers
tt0037881	The Little Witch
tt0037884	The Lost Weekend
tt0037885	Love Letters
tt0037893	The Man Who Walked Alone
tt0037899	Marie-Louise
tt0037906	A Medal for Benny
tt0037912	Mighty Mouse in Gypsy Life
tt0037913	Mildred Pierce
tt0037954	Objective, Burma!
tt0037972	Paris--Underground
tt0037980	Vacation from Marriage
tt0037988	The Picture of Dorian Gray
tt0037994	The Poet and Peasant
tt0038000	Pride of the Marines
tt0038011	Quiet Please!
tt0038026	Rhapsody in Blue
tt0038028	Rippling Romance
tt0038032	Road to Utopia
tt0038047	Salty O'Rourke
tt0038048	San Antonio
tt0038053	Saratoga Trunk
tt0038059	Screen Snapshots' 25th Anniversary
tt0038091	Sing Your Way Home
tt0038104	A Song to Remember
tt0038107	The Southerner
tt0038108	The Spanish Main
tt0038109	Spellbound
tt0038114	Stairway to Light
tt0038115	Star in the Night
tt0038116	State Fair
tt0038120	G. I. Joe
tt0038121	Story of a Dog
tt0038135	Sunbonnet Sue
tt0038160	They Were Expendable
tt0038162	This Love of Ours
tt0038165	A Thousand and One Nights
tt0038166	The Three Caballeros
tt0038175	To the Shores of Iwo Jima
tt0038178	Tonight and Every Night
tt0038190	A Tree Grows in Brooklyn
tt0038192	The True Glory
tt0038205	The Unseen
tt0038213	The Valley of Decision
tt0038243	What Next, Corporal Hargrove?
tt0038247	White Rhapsody
tt0038249	Why Girls Leave Home
tt0038260	Wonder Man
tt0038265	Your National Gallery
tt0038303	Anna and the King of Siam
tt0038312	Atomic Power
tt0038363	Blithe Spirit
tt0038369	The Blue Dahlia
tt0038370	Blue Skies
tt0038379	A Boy and His Dog
tt0038390	Caesar and Cleopatra
tt0038395	Canyon Passage
tt0038406	Centennial Summer
tt0038413	Chopin's Musical Moments
tt0038421	College Queen
tt0038455	The Dark Mirror
tt0038483	Dive-Hi Champs
tt0038499	Duel in the Sun
tt0038515	Facing Your Danger
tt0038569	Golden Horses
tt0038574	Great Expectations
tt0038578	The Green Years
tt0038589	The Harvey Girls
tt0038602	Hiss and Yell
tt0038622	Humoresque
tt0038650	It's a Wonderful Life
tt0038657	John Henry and the Inky Poo
tt0038661	The Jolson Story
tt0038669	The Killers
tt0038690	Life at the Zoo
tt0038708	The Luckiest Guy in the World
tt0038776	Night and Day
tt0038787	Notorious
tt0038823	Paisan
tt0038825	Paramount News Issue #37 (Twentieth Anniversary Issue! 1927.....1947)
tt0038873	The Razor's Edge
tt0038890	Open City
tt0038913	Shoe-Shine
tt0038919	Seeds of Destiny
tt0038924	The Seventh Veil
tt0038948	Sister Kenny
tt0038953	Smart as a Fox
tt0038969	Song of the South
tt0038975	The Spiral Staircase
tt0038978	Squatter's Rights
tt0038984	A Stolen Life
tt0038988	The Strange Love of Martha Ivers
tt0038991	The Stranger
tt0038998	Sure Cures
tt0039026	Three Little Girls in Blue
tt0039038	The Time, the Place and the Girl
tt0039040	To Each His Own
tt0039043	Traffic with the Devil
tt0039093	Walky Talky Hawky
tt0039111	The Yearling
tt0039169	The Bachelor and the Bobby-Soxer
tt0039188	Bill and Coo
tt0039190	The Bishop's Wife
tt0039192	Black Narcissus
tt0039204	Body and Soul
tt0039208	Boomerang!
tt0039221	Brooklyn, U.S.A.
tt0039234	A Cage of Nightingales
tt0039243	Captain from Castile
tt0039251	The Cat Concerto
tt0039258	Champagne for Two
tt0039263	Chip An' Dale
tt0039267	Climbing the Matterhorn
tt0039286	Crossfire
tt0039335	A Double Life
tt0039338	Dr. Jekyll and Mr. Mouse
tt0039349	The Egg and I
tt0039370	The Farmer's Daughter
tt0039377	Fiesta
tt0039379	Fight of the Wild Stallions
tt0039384	First Steps
tt0039391	Forever Amber
tt0039394	The Foxes of Harrow
tt0039416	Gentleman's Agreement
tt0039420	The Ghost and Mrs. Muir
tt0039425	Give Us the Earth
tt0039431	Good News
tt0039432	Good-bye Miss Turlock
tt0039437	Green Dolphin Street
tt0039502	It Happened on Fifth Avenue
tt0039517	Journey into Medicine
tt0039536	Kiss of Death
tt0039566	Life with Father
tt0039628	Miracle on 34th Street
tt0039631	Monsieur Verdoux
tt0039632	Monsieur Vincent
tt0039633	Moon Rockets
tt0039634	Mother Wore Tights
tt0039636	Mourning Becomes Electra
tt0039647	My Wild Irish Rose
tt0039648	Symphony of a City
tt0039671	Now You See It
tt0039677	Odd Man Out
tt0039694	The Paradine Case
tt0039697	Passport to Nowhere
tt0039698	The Perils of Pauline
tt0039711	Pluto's Blue Note
tt0039725	Possessed
tt0039768	Ride the Pink Horse
tt0039776	Road to Rio
tt0039802	School in the Mailbox
tt0039840	Smash-Up--The Story of a Woman
tt0039843	So You Want to Be in Pictures
tt0039881	T-Men
tt0039919	Tubby the Tuba
tt0039923	Tweetie Pie
tt0039931	Unconquered
tt0039968	A Voice Is Born: The Story of Niklos Gafni
tt0040004	The World Is Rich
tt0040076	The Adventures of Don Juan
tt0040101	Annie Was a Wonder
tt0040137	The Walls of Malapaga
tt0040141	B. F.'s Daughter
tt0040200	Calgary Stampede
tt0040214	Casbah
tt0040233	Cinderella Horse
tt0040281	Deep Waters
tt0040285	Design for Death
tt0040308	Easter Parade
tt0040317	The Emperor Waltz
tt0040338	The Fallen Idol
tt0040367	A Foreign Affair
tt0040393	Going to Blazes
tt0040402	Green Grass of Wyoming
tt0040416	Hamlet
tt0040428	Heart to Heart
tt0040458	I Remember Mama
tt0040491	Joan of Arc
tt0040495	Johnny Belinda
tt0040506	Key Largo
tt0040522	The Bicycle Thief
tt0040550	Louisiana Story
tt0040552	The Loves of Carmen
tt0040553	The Luck of the Irish
tt0040588	Mickey and the Seal
tt0040607	Moonrise
tt0040636	The Naked City
tt0040673	Operation Vittles
tt0040679	The Paleface
tt0040694	The Pirate
tt0040705	Portrait of Jennie
tt0040717	The Quiet One
tt0040724	Red River
tt0040725	The Red Shoes
tt0040737	Bitter Rice
tt0040741	Robin Hoodlum
tt0040745	Romance on the High Seas
tt0040756	Samba-Mania
tt0040758	Saraband
tt0040763	Seal Island
tt0040765	The Search
tt0040767	The Secret Land
tt0040795	Sitting Pretty
tt0040806	The Snake Pit
tt0040807	Snow Capers
tt0040813	So You Want to Be on the Radio
tt0040823	Sorry, Wrong Number
tt0040863	Tea for Two Hundred
tt0040869	That Lady in Ermine
tt0040876	The Three Musketeers
tt0040893	Toward Independence
tt0040897	The Treasure of the Sierra Madre
tt0040930	Van Gogh
tt0040958	Wet Blanket Policy
tt0040962	When My Baby Smiles at Me
tt0040981	You Can't Win
tt0041079	1848
tt0041090	Adam's Rib
tt0041113	All the King's Men
tt0041130	Aquatic House-Party
tt0041158	The Barkleys of Broadway
tt0041163	Battleground
tt0041172	Beyond the Forest
tt0041202	The Boy and the Eagle
tt0041239	Champion
tt0041240	A Chance to Live
tt0041242	Chase of Death
tt0041255	Once More, My Darling
tt0041257	Come to the Stable
tt0041283	Daybreak in Udi
tt0041329	Edward, My Son
tt0041380	For Scent-Imental Reasons
tt0041425	The Grass Is Always Greener
tt0041445	The Hasty Heart
tt0041446	Hatch Up Your Troubles
tt0041452	The Heiress
tt0041514	It Happens Every Spring
tt0041515	It's a Great Feeling
tt0041530	Jolson Sings Again
tt0041542	Kenji Comes Home
tt0041587	A Letter to Three Wives
tt0041592	The Little Orphan
tt0041594	Little Women
tt0041599	Look for the Silver Lining
tt0041615	Madame Bovary
tt0041618	The Magic Fluke
tt0041650	Mighty Joe Young
tt0041659	Mother Is a Freshman
tt0041661	Mouse Wreckers
tt0041672	My Foolish Heart
tt0041687	Neptune's Daughter
tt0041716	On the Town
tt0041737	Passport to Pimlico
tt0041746	Pinky
tt0041767	Prince of Foxes
tt0041788	The Red Danube
tt0041813	The Rising Tide
tt0041817	Roller Derby Girl
tt0041838	Samson and Delilah
tt0041840	Sand
tt0041841	Sands of Iwo Jima
tt0041866	She Wore a Yellow Ribbon
tt0041889	Snow Carnival
tt0041890	So Dear to My Heart
tt0041891	So Much for So Little
tt0041892	So You Think You're Not Guilty
tt0041912	Spills and Chills
tt0041928	The Stratton Story
tt0041955	That Forsyte Woman
tt0041959	The Third Man
tt0041978	Toy Tinkers
tt0041994	Tulsa
tt0041996	Twelve O'Clock High
tt0042034	Water Trix
tt0042041	White Heat
tt0042046	The Window
tt0042192	All about Eve
tt0042200	Annie Get Your Gun
tt0042208	The Asphalt Jungle
tt0042256	The Black Rose
tt0042259	Blaze Busters
tt0042276	Born Yesterday
tt0042286	Broken Arrow
tt0042296	Caged
tt0042304	Canary Row
tt0042310	Captain Carey, U.S.A.
tt0042332	Cinderella
tt0042367	Cyrano de Bergerac
tt0042393	Destination Moon
tt0042451	Father of the Bride
tt0042460	The Fight: Science against Cancer
tt0042464	The Flame and the Arrow
tt0042490	The Furies
tt0042518	Grandad of Races
tt0042520	Grandma Moses
tt0042531	The Gunfighter
tt0042546	Harvey
tt0042589	I'll Get By
tt0042592	In Beaver Valley
tt0042646	King Solomon's Mines
tt0042650	Kon-Tiki
tt0042687	Louisa
tt0042702	The Magnificent Yankee
tt0042727	The Men
tt0042742	Mister 880
tt0042752	Trio
tt0042757	The Mudlark
tt0042768	My Country 'Tis of Thee
tt0042771	Mystery Street
tt0042790	No Sad Songs for Me
tt0042792	No Way Out
tt0042819	Our Very Own
tt0042832	Panic in the Streets
tt0042876	Rashomon
tt0042906	La Ronde
tt0042949	Seven Days to Noon
tt0042970	Singing Guns
tt0042996	The Stairs
tt0043014	Sunset Blvd.
tt0043044	Three Little Words
tt0043050	The Titan: Story of Michelangelo
tt0043053	The Toast of New Orleans
tt0043073	Trouble Indemnity
tt0043116	Wabash Avenue
tt0043123	The West Point Story
tt0043129	When Willie Comes Marching Home
tt0043135	Why Korea?
tt0043138	With These Hands
tt0043148	Wrong Way Butch
tt0043265	The African Queen
tt0043274	Alice in Wonderland
tt0043278	An American in Paris
tt0043316	Balzac
tt0043334	Benjy
tt0043338	The Big Carnival
tt0043350	The Blue Veil
tt0043361	Bright Victory
tt0043363	Bullfighter and the Lady
tt0043424	Come Fill the Cup
tt0043447	Danger under the Sea
tt0043455	David and Bathsheba
tt0043458	Death of a Salesman
tt0043459	Decision before Dawn
tt0043465	Detective Story
tt0043560	Fourteen Hours
tt0043565	The Frogmen
tt0043581	Gerald McBoing-Boing
tt0043590	Go for Broke!
tt0043592	Golden Girl
tt0043599	The Great Caruso
tt0043633	Here Comes the Groom
tt0043660	House on Telegraph Hill
tt0043664	I Want You
tt0043665	I Was a Communist for the F.B.I.
tt0043685	Jerry's Cousin
tt0043686	Forbidden Games
tt0043709	Kind Lady
tt0043792	The Mating Season
tt0043794	The Medium
tt0043813	The Model and the Marriage Broker
tt0043839	Nature's Half Acre
tt0043882	On the Riviera
tt0043883	One Who Came Back
tt0043924	A Place in the Sun
tt0043949	Quo Vadis
tt0043964	Return to Glennascaul
tt0043968	Rich, Young and Pretty
tt0043969	Ridin' the Rails
tt0043980	Rooty Toot Toot
tt0043983	Royal Wedding
tt0044009	The Sea around Us
tt0044017	The Seeing Eye
tt0044030	Show Boat
tt0044077	The Story of Time
tt0044079	Strangers on a Train
tt0044081	A Streetcar Named Desire
tt0044083	The Strip
tt0044103	Tales of Hoffmann
tt0044112	Teresa
tt0044138	Too Young to Kiss
tt0044157	The Two Mouseketeers
tt0044158	Two Tickets to Broadway
tt0044202	The Well
tt0044207	When Worlds Collide
tt0044218	World of Kids
tt0044314	Five Fingers
tt0044324	Above and Beyond
tt0044331	Affair in Trinidad
tt0044381	Athletes of the Saddle
tt0044382	The Atomic City
tt0044386	Adventures of Robinson Crusoe
tt0044391	The Bad and the Beautiful
tt0044402	Because You're Mine
tt0044419	The Big Sky
tt0044446	Breaking the Sound Barrier
tt0044447	Bridge of Time
tt0044486	Carrie
tt0044509	Come Back, Little Sheba
tt0044539	Desert Killer
tt0044548	Devil Take Us
tt0044590	The Garden Spider (Epeira Diadema)
tt0044621	Flat Top
tt0044631	The Four Poster
tt0044672	The Greatest Show on Earth
tt0044685	Hans Christian Andersen
tt0044706	High Noon
tt0044713	The Hoaxters
tt0044760	Ivanhoe
tt0044765	The Jazz Singer
tt0044782	Just for You
tt0044821	Lambert, the Sheepish Lion
tt0044829	The Lavender Hill Mob
tt0044836	Light in the Window: The Art of Vermeer
tt0044837	Limelight
tt0044865	Madeline
tt0044870	Man Alive!
tt0044876	The Man in the White Suit
tt0044896	The Member of the Wedding
tt0044900	The Merry Widow
tt0044903	Million Dollar Mermaid
tt0044905	Miracle of Fatima
tt0044926	Moulin Rouge
tt0044937	My Cousin Rachel
tt0044941	My Son John
tt0044953	The Naked Spur
tt0044954	The Narrow Margin
tt0044955	Navajo
tt0044958	Neighbours
tt0045012	Pat and Mike
tt0045030	The Pickwick Papers
tt0045033	Pink and Blue Blues
tt0045034	Le Plaisir
tt0045039	Plymouth Adventure
tt0045049	The Pride of St. Louis
tt0045056	The Promoter
tt0045061	The Quiet Man
tt0045100	Romance of Transportation
tt0045108	Royal Scotland
tt0045152	Singin' in the Rain
tt0045161	The Sniper
tt0045162	The Snows of Kilimanjaro
tt0045177	Son of Paleface
tt0045186	The Star
tt0045205	Sudden Fear
tt0045228	Thar She Blows!
tt0045230	The Thief
tt0045231	This Is Cinerama
tt0045274	Umberto D.
tt0045296	Viva Zapata!
tt0045314	Water Birds
tt0045333	With a Song in My Heart
tt0045464	The 5,000 Fingers of Dr. T
tt0045471	The Actress
tt0045485	The Alaskan Eskimo
tt0045494	All the Brothers Were Valiant
tt0045537	The Band Wagon
tt0045545	Bear Country
tt0045550	Ben and Me
tt0045551	Beneath the 12-Mile Reef
tt0045589	The Caddy
tt0045591	Calamity Jane
tt0045592	Call Me Madam
tt0045607	The Captain's Paradise
tt0045625	Christ among the Primitives
tt0045626	Christopher Crumpet
tt0045646	The Conquest of Everest
tt0045656	Crazylegs
tt0045659	The Cruel Sea
tt0045679	The Desert Rats
tt0045706	Dream Wife
tt0045793	From Here to Eternity
tt0045808	Genevieve
tt0045858	Herring Hunt
tt0045883	Hondo
tt0045891	How to Marry a Millionaire
tt0045935	Gate of Hell
tt0045937	Johann Mouse
tt0045940	Joy of Living
tt0045943	Julius Caesar
tt0045963	Kiss Me Kate
tt0045966	Knights of the Round Table
tt0046000	Lili
tt0046004	Little Fugitive
tt0046005	Little Johnny Jet
tt0046006	The Little Kidnappers
tt0046007	The Living City
tt0046008	The Living Desert
tt0046022	The Earrings of Madame de...
tt0046051	Martin Luther
tt0046076	Miss Sadie Thompson
tt0046080	The Mississippi Gambler
tt0046085	Mogambo
tt0046094	The Moon Is Blue
tt0046146	Operation Blue Jay
tt0046149	The Proud and the Beautiful
tt0046154	The Merry Wives of Windsor Overture
tt0046159	Bread, Love and Dreams
tt0046187	Pickup on South Street
tt0046204	The President's Lady
tt0046222	A Queen Is Crowned
tt0046247	The Robe
tt0046250	Roman Holiday
tt0046256	Rugged Bear
tt0046303	Shane
tt0046330	Small Town Girl
tt0046359	Stalag 17
tt0046366	Indiscretion of an American Wife
tt0046374	The Story of Three Loves
tt0046398	Take the High Ground
tt0046408	The Tell Tale Heart
tt0046420	They Planted a Stone
tt0046435	Titanic
tt0046442	Toot, Whistle, Plunk and Boom
tt0046446	Torch Song
tt0046478	Ugetsu
tt0046487	Mr. Hulot's Holiday
tt0046506	Vesuvius Express
tt0046521	Vitelloni
tt0046534	The War of the Worlds
tt0046537	Wee Water Wonders
tt0046554	Winter Paradise
tt0046559	The Word
tt0046564	Young Bess
tt0046672	20,000 Leagues under the Sea
tt0046754	The Barefoot Contessa
tt0046760	Beauty and the Bull
tt0046806	The Bridges at Toko-Ri
tt0046807	Brigadoon
tt0046808	Broken Lance
tt0046816	The Caine Mutiny
tt0046828	Carmen Jones
tt0046874	The Country Girl
tt0046889	The Dam Busters
tt0046903	Desiree
tt0046949	The Egyptian
tt0046963	Executive Suite
tt0046981	The First Piano Quartette
tt0047001	From A to Z-Z-Z-Z
tt0047030	The Glenn Miller Story
tt0047073	Hell and High Water
tt0047086	The High and the Mighty
tt0047123	It Should Happen to You
tt0047131	Jet Carrier
tt0047152	Knock on Wood
tt0047203	Magnificent Obsession
tt0047250	The Sheep Has Five Legs
tt0047279	Night People
tt0047296	On the Waterfront
tt0047353	Pigs Is Pigs
tt0047396	Rear Window
tt0047400	Red Garters
tt0047404	Rembrandt: A Self-Portrait
tt0047424	Rogue Cop
tt0047437	Sabrina
tt0047444	Samurai, The Legend of Musashi
tt0047472	Seven Brides for Seven Brothers
tt0047478	The Magnificent Seven
tt0047485	Siam
tt0047494	The Silver Chalice
tt0047522	A Star Is Born
tt0047528	La Strada
tt0047530	The Stratford Adventure
tt0047531	The Strauss Fantasy
tt0047550	Susan Slept Here
tt0047573	Them!
tt0047574	There's No Business Like Show Business
tt0047578	This Mechanical Age
tt0047580	Three Coins in the Fountain
tt0047585	Thursday's Children
tt0047587	A Time Out of War
tt0047600	Touché, Pussy Cat
tt0047642	The Vanishing Prairie
tt0047672	When Magoo Flew
tt0047673	White Christmas
tt0047791	24-Hour Alert
tt0047792	3rd Ave. El
tt0047849	Bad Day at Black Rock
tt0047860	Battle Cry
tt0047862	The Battle of Gettysburg
tt0047885	Blackboard Jungle
tt0047956	The Court-Martial of Billy Mitchell
tt0047959	Crazy Mixed Up Pup
tt0047969	Daddy Long Legs
tt0048028	East of Eden
tt0048049	The Face of Lincoln
tt0048106	Gadgets Galore
tt0048131	Good Will to Men
tt0048140	Guys and Dolls
tt0048151	Heartbreak Ridge
tt0048157	Helen Keller in Her Story
tt0048166	High Society
tt0048191	I'll Cry Tomorrow
tt0048210	Interrupted Melody
tt0048216	It's Always Fair Weather
tt0048281	The Ladykillers
tt0048292	The Legend of Rock-a-bye Point
tt0048316	Love Is a Many-Splendored Thing
tt0048317	Love Me or Leave Me
tt0048337	A Man Called Peter
tt0048347	The Man with the Golden Arm
tt0048356	Marty
tt0048369	Men against the Arctic
tt0048380	Mister Roberts
tt0048425	No Hunting
tt0048432	Not as a Stranger
tt0048445	Oklahoma!
tt0048447	On the Twelfth Day...
tt0048484	Pete Kelly's Blues
tt0048491	Picnic
tt0048513	The Private War of Major Benson
tt0048523	Qivitoq
tt0048527	Queen Bee
tt0048538	The Rains of Ranchipur
tt0048545	Rebel without a Cause
tt0048563	The Rose Tattoo
tt0048581	Sandy Claws
tt0048604	The Seven Little Foys
tt0048649	Speedy Gonzales
tt0048667	Strategic Air Command
tt0048673	Summertime
tt0048677	Survival City
tt0048683	Switzerland
tt0048705	The Tender Trap
tt0048718	Three Kisses
tt0048728	To Catch a Thief
tt0048748	Trial
tt0048762	Unchained
tt0048791	The Virgin Queen
tt0048947	Anastasia
tt0048960	Around the World in 80 Days
tt0048973	Baby Doll
tt0048977	The Bad Seed
tt0048980	The Red Balloon
tt0049000	The Bespoke Overcoat
tt0049002	The Best Things in Life Are Free
tt0049004	Between Heaven and Hell
tt0049012	Harp of Burma
tt0049022	The Bold and the Brave
tt0049030	The Brave One
tt0049038	Bus Stop
tt0049081	A City Decides
tt0049099	Cow Dog
tt0049102	Crashing the Water Barrier
tt0049124	The Dark Wave
tt0049170	The Eddy Duchin Story
tt0049223	Forbidden Planet
tt0049233	Friendly Persuasion
tt0049258	Gerald McBoing-Boing on Planet Moo
tt0049259	Gervaise
tt0049261	Giant
tt0049291	The Harder They Fall
tt0049293	The Captain of Kopenick
tt0049314	High Society
tt0049338	The House without a Name
tt0049349	Where Mountains Float
tt0049352	I Never Forget a Face
tt0049380	The Jaywalker
tt0049388	Julie
tt0049408	The King and I
tt0049456	Lust for Life
tt0049470	The Man Who Knew Too Much
tt0049473	Man in Space
tt0049490	Meet Me in Las Vegas
tt0049510	Mister Magoo's Puddle Jumper
tt0049518	The Silent World
tt0049538	The Naked Eye
tt0049635	The Power and the Prize
tt0049640	The Proud and Profane
tt0049653	The Rainmaker
tt0049674	Richard III
tt0049709	Samoa
tt0049777	The Solid Gold Cadillac
tt0049778	Somebody Up There Likes Me
tt0049791	Stagecoach to Fury
tt0049831	Teenage Rebel
tt0049833	The Ten Commandments
tt0049855	Time Stood Still
tt0049885	The True Story of the Civil War
tt0049934	War and Peace
tt0049966	Written on the Wind
tt0050083	12 Angry Men
tt0050105	An Affair to Remember
tt0050109	Albert Schweitzer
tt0050135	April Love
tt0050156	The Bachelor Party
tt0050188	Mother India
tt0050194	Birds Anonymous
tt0050208	Boy on a Dolphin
tt0050212	The Bridge on the River Kwai
tt0050255	City of Gold
tt0050306	Designing Woman
tt0050356	The Enemy Below
tt0050379	A Farewell to Arms
tt0050403	Foothold on Antarctica
tt0050419	Funny Face
tt0050468	Gunfight at the O.K. Corral
tt0050487	A Hatful of Rain
tt0050490	Heaven Knows, Mr. Allison
tt0050534	A Chairy Tale
tt0050569	The Joker Is Wild
tt0050631	Les Girls
tt0050681	Man of a Thousand Faces
tt0050706	My Uncle
tt0050746	The Devil Came at Night
tt0050762	Nine Lives
tt0050783	The Nights of Cabiria
tt0050800	On the Bowery
tt0050802	One Droopy Knight
tt0050815	Pal Joey
tt0050837	Perri
tt0050839	Peyton Place
tt0050850	Gates of Paris
tt0050851	Portugal
tt0050882	Raintree County
tt0050933	Sayonara
tt0050986	Wild Strawberries
tt0051003	The Spirit of St. Louis
tt0051044	Tabasco Road
tt0051051	Tammy and the Bachelor
tt0051077	The Three Faces of Eve
tt0051087	The Tin Star
tt0051099	Torero!
tt0051108	Trees and Jamaica Daddy
tt0051115	The Truth about Mother Goose
tt0051155	La Venganza
tt0051187	The Wetback Hound
tt0051193	Wild Is the Wind
tt0051201	Witness for the Prosecution
tt0051339	Ama Girls
tt0051366	Antarctic Crossing
tt0051383	Auntie Mame
tt0051406	Bell, Book and Candle
tt0051411	The Big Country
tt0051427	The Bolshoi Ballet
tt0051435	The Brothers Karamazov
tt0051436	The Buccaneer
tt0051459	Cat on a Hot Tin Roof
tt0051466	A Certain Smile
tt0051496	Cowboy
tt0051516	Damn Yankees
tt0051525	The Defiant Ones
tt0051534	Desire under the Elms
tt0051552	The Village on the River
tt0051578	Employees Only
tt0051658	Gigi
tt0051667	The Goddess
tt0051677	Grand Canyon
tt0051712	Arms and the Man
tt0051719	The Hidden World
tt0051739	The Horse's Mouth
tt0051745	Houseboat
tt0051758	I Want to Live!
tt0051776	The Inn of the Sixth Happiness
tt0051802	Journey into Spring
tt0051821	The Kiss
tt0051825	Knighty Knight Bugs
tt0051872	The Living Stone
tt0051908	Mardi Gras
tt0051911	Marjorie Morningstar
tt0052020	Overture
tt0052027	The Old Man and the Sea
tt0052056	Paul Bunyan
tt0052098	Psychiatric Nursing
tt0052182	Separate Tables
tt0052190	The Sheepman
tt0052195	Sidney's Family Tree
tt0052208	Snows of Aorangi
tt0052216	The Usual Unidentified Thieves
tt0052218	Some Came Running
tt0052225	South Pacific
tt0052250	The Road a Year Long
tt0052267	T Is for Tumbleweed
tt0052278	Teacher's Pet
tt0052296	A Time to Love and a Time to Die
tt0052303	Torpedo Run
tt0052357	Vertigo
tt0052389	White Wilderness
tt0052415	The Young Lions
tt0052427	tom thumb
tt0052561	Anatomy of a Murder
tt0052600	Ballad of a Soldier
tt0052618	Ben-Hur
tt0052619	The Best of Everything
tt0052621	Between the Tides
tt0052627	The Big Fisherman
tt0052654	The Bridge
tt0052673	Career
tt0052738	The Diary of Anne Frank
tt0052751	Donald in Mathmagic Land
tt0052809	The Five Pennies
tt0052827	From Generation to Generation
tt0052837	The Gazebo
tt0052852	Glass
tt0052855	The Golden Fish
tt0052861	The Great War
tt0052876	The Hanging Tree
tt0052893	Hiroshima, Mon Amour
tt0052896	A Hole in the Head
tt0052918	Imitation of Life
tt0052948	Journey to the Center of the Earth
tt0052961	Kapo
tt0052990	The Last Angry Man
tt0053001	Li'l Abner
tt0053003	Libel!
tt0053017	Lonelyhearts
tt0053064	Mexicali Shmoes
tt0053080	Moonbird
tt0053090	Mysteries of the Deep
tt0053120	Noah's Ark
tt0053125	North by Northwest
tt0053131	The Nun's Story
tt0053137	On the Beach
tt0053143	Operation Petticoat
tt0053146	Black Orpheus
tt0053158	Paw
tt0053172	Pillow Talk
tt0053182	Porgy and Bess
tt0053198	The 400 Blows
tt0053205	The Race for Space
tt0053226	Room at the Top
tt0053231	The Running, Jumping and Standing-Still Film
tt0053245	Say One for Me
tt0053268	Serengeti Shall Not Die
tt0053282	Skyscraper
tt0053285	Sleeping Beauty
tt0053291	Some Like It Hot
tt0053318	Suddenly, Last Summer
tt0053425	The Violinist
tt0053461	The Young Land
tt0053462	The Young Philadelphians
tt0053580	The Alamo
tt0053602	The Angry Silence
tt0053604	The Apartment
tt0053622	Butterfield 8
tt0053645	Bells Are Ringing
tt0053649	Beyond Silence
tt0053685	A City Called Copenhagen
tt0053690	Can-Can
tt0053714	Le Ciel et la Boue (Sky Above and Mud Beneath)
tt0053715	Cimarron
tt0053737	The Creation of Woman
tt0053750	The Dark at the Top of the Stairs
tt0053753	Day of the Painter
tt0053764	The Ninth Circle
tt0053779	La Dolce Vita
tt0053793	Elmer Gantry
tt0053796	The Entertainer
tt0053804	Exodus
tt0053810	The Facts of Life
tt0053856	General Della Rovere
tt0053858	George Grosz' Interregnum
tt0053866	Giuseppina
tt0053875	Goliath II
tt0053909	High Note
tt0053912	High Time
tt0053946	Inherit the Wind
tt0053956	Islands of the Sea
tt0053957	It Started in Naples
tt0053976	The Virgin Spring
tt0054016	The Last Voyage
tt0054022	Let's Make Love
tt0054042	Macario
tt0054047	The Magnificent Seven
tt0054084	Midnight Lace
tt0054096	Mouse and Garden
tt0054100	Munro
tt0054102	Murder, Inc.
tt0054172	Pepe
tt0054186	A Place in the Sun
tt0054195	Pollyanna
tt0054198	Never on Sunday
tt0054215	Psycho
tt0054235	Rebel in Paradise
tt0054243	The Rise and Fall of Legs Diamond
tt0054295	Seven Thieves
tt0054324	Song without End (The Story of Franz Liszt)
tt0054326	Sons and Lovers
tt0054331	Spartacus
tt0054335	A Sport Is Born
tt0054353	The Sundowners
tt0054354	Sunrise at Campobello
tt0054387	The Time Machine
tt0054412	Tunes of Glory
tt0054429	Universe
tt0054446	Visit to a Small Planet
tt0054452	La Vérité
tt0054594	The Absent Minded Professor
tt0054632	Last Year at Marienbad
tt0054634	Aquamania
tt0054649	Babes in Toyland
tt0054652	Bachelor in Paradise
tt0054653	Back Street
tt0054658	Ballon Vole (Play Ball!)
tt0054674	Beep Prepared
tt0054698	Breakfast at Tiffany's
tt0054699	Breaking the Language Barrier
tt0054743	The Children's Hour
tt0054749	Two Women
tt0054752	Claudelle Inglish
tt0054767	Cradle of Genius
tt0054845	Immortal Love
tt0054847	El Cid
tt0054854	Ersatz (The Substitute)
tt0054863	The Face of Jesus
tt0054866	Fanny
tt0054885	Flower Drum Song
tt0054940	La Grande Olimpiade (Olympic Games 1960)
tt0054953	The Guns of Navarone
tt0054965	Harry and the Butler
tt0054993	The Horse with the Flying Tail
tt0054997	The Hustler
tt0055031	Judgment at Nuremberg
tt0055040	Kahl
tt0055046	Khovanshchina
tt0055100	Lover Come Back
tt0055124	A Majority of One
tt0055146	The Mark
tt0055223	Nelly's Folly
tt0055256	One, Two, Three
tt0055257	One-Eyed Jacks
tt0055277	The Parent Trap
tt0055278	Paris Blues
tt0055298	The Pied Piper of Guadalupe
tt0055310	Placido
tt0055312	Pocketful of Miracles
tt0055333	Project Hope
tt0055382	The Roman Spring of Mrs. Stone
tt0055384	Rooftops of New York
tt0055420	Seawards the Great Ships
tt0055471	Splendor in the Grass
tt0055489	Summer and Smoke
tt0055499	Through a Glass Darkly
tt0055514	Terminus
tt0055527	Tlayucan
tt0055539	Town without Pity
tt0055576	L'Uomo in Grigio (The Man in Gray)
tt0055594	Very Nice, Very Nice
tt0055614	West Side Story
tt0055630	Yojimbo
tt0055646	The Important Man
tt0055742	Alvorada (Brazil's Changing Face)
tt0055792	Big City Blues
tt0055796	Billy Budd
tt0055797	Billy Rose's Jumbo
tt0055798	Birdman of Alcatraz
tt0055801	Black Fox
tt0055807	Bon Voyage!
tt0055820	The Cadillac
tt0055849	Christmas Cracker
tt0055853	The Cliff Dwellers (formerly titled 'One Plus One')
tt0055892	David and Lisa
tt0055895	Days of Wine and Roses
tt0055910	Sundays and Cybele
tt0055913	Divorce--Italian Style
tt0055943	Dylan Thomas
tt0055950	Electra
tt0055998	Freud
tt0056017	Gigot
tt0056048	Gypsy
tt0056059	Hatari!
tt0056066	Heureux Anniversaire (Happy Anniversary)
tt0056075	The Hole
tt0056085	How the West Was Won
tt0056091	Icarus Montgolfier Wright
tt0056122	The John Glenn Story
tt0056154	Twin Sisters of Kyoto
tt0056172	Lawrence of Arabia
tt0056193	Lolita
tt0056196	Long Day's Journey into Night
tt0056197	The Longest Day
tt0056217	The Man Who Shot Liberty Valance
tt0056218	The Manchurian Candidate
tt0056241	The Miracle Worker
tt0056262	Meredith Willson's The Music Man
tt0056264	Mutiny on the Bounty
tt0056267	My Geisha
tt0056291	Knife in the Water
tt0056300	An Occurrence at Owl Creek Bridge
tt0056322	Keeper of Promises (The Given Word)
tt0056341	Period of Adjustment
tt0056346	Phaedra
tt0056349	The Pigeon That Took Rome
tt0056389	The Four Days of Naples
tt0056418	The Road to the Wall
tt0056464	Self Defense--For Cowards
tt0056541	Sweet Bird of Youth
tt0056545	Symposium on Popular Songs
tt0056555	Los Tarantos
tt0056556	Taras Bulba
tt0056566	Tender Is the Night
tt0056575	That Touch of Mink
tt0056592	To Kill a Mockingbird
tt0056626	Two for the Seesaw
tt0056671	Walk on the Wild Side
tt0056687	What Ever Happened to Baby Jane?
tt0056700	The Wonderful World of the Brothers Grimm
tt0056797	Over There, 1914-18
tt0056800	55 Days at Peking
tt0056801	Federico Fellini's 8-1/2
tt0056819	The Human Dutch
tt0056825	America America
tt0056841	Automania 2000
tt0056847	The Balcony
tt0056869	The Birds
tt0056891	Bye Bye Birdie
tt0056903	Captain Newman, M.D.
tt0056907	The Cardinal
tt0056908	The Caretakers
tt0056920	Chagall
tt0056923	Charade
tt0056937	Cleopatra
tt0056940	Come Blow Your Horn
tt0056945	The Organizer
tt0056946	The Concert
tt0056965	The Critic
tt0057012	Dr. Strangelove or: How I Learned to Stop Worrying and Love the Bomb
tt0057061	The Five Cities of June
tt0057090	A Gathering of Eagles
tt0057091	The Leopard
tt0057115	The Great Escape
tt0057149	Home-Made Car
tt0057163	Hud
tt0057171	Yesterday, Today and Tomorrow
tt0057185	The Game (Igra)
tt0057187	Irma La Douce
tt0057193	It's a Mad, Mad, Mad, Mad World
tt0057229	The Red Lanterns
tt0057237	Raven's End
tt0057239	The L-Shaped Room
tt0057251	Lilies of the Field
tt0057263	Love with the Proper Stranger
tt0057279	Le Maillon et la Chaine (The Link and the Chain)
tt0057318	Mondo Cane
tt0057327	To Die in Madrid
tt0057339	My Financial Career
tt0057360	A New Kind of Love
tt0057367	Now Hear This
tt0057400	Papa's Delicate Condition
tt0057410	Pianissimo
tt0057413	The Pink Panther
tt0057459	Robert Frost: A Lover's Quarrel with the World
tt0057506	Six-Sided Triangle
tt0057524	The Spirit of America
tt0057537	The Stripper
tt0057546	The Sword in the Stone
tt0057575	That's Me
tt0057576	Thirty Million Letters
tt0057578	This Sporting Life
tt0057587	To Live Again
tt0057590	Tom Jones
tt0057598	Toys in the Attic
tt0057609	Twilight of Honor
tt0057634	The V.I.P.s
tt0057688	Wives and Lovers
tt0057698	The Yanks Are Coming
tt0057806	140 Days under the World
tt0057812	7 Faces of Dr. Lao
tt0057831	Zorba the Greek
tt0057840	The Americanization of Emily
tt0057877	Becket
tt0057883	The Best Man
tt0057892	Blood on the Land
tt0057898	Breaking the Habit
tt0057922	Casals Conducts: 1964
tt0057933	The Chalk Garden
tt0057940	Cheyenne Autumn
tt0057945	Children Without
tt0057999	Dear Heart
tt0058085	The Fall of the Roman Empire
tt0058091	Fate Is the Hunter
tt0058092	Father Goose
tt0058099	The Finest Hours
tt0058150	Goldfinger
tt0058182	A Hard Day's Night
tt0058189	Help! My Snowman's Burning Down
tt0058203	That Man from Rio
tt0058209	A House Is Not a Home
tt0058211	How to Avoid Friendship
tt0058213	Hush...Hush, Sweet Charlotte
tt0058260	Kenojuak
tt0058266	Kisses for My President
tt0058279	Kwaidan
tt0058281	Dear John
tt0058288	The Legend of Jimmy Blue Eyes
tt0058296	The Lively Set
tt0058331	Mary Poppins
tt0058335	Marriage Italian Style
tt0058364	Jacques-Yves Cousteau's World without Sun
tt0058385	My Fair Lady
tt0058404	The Night of the Iguana
tt0058410	Nine from Little Rock
tt0058416	Nudnik #2
tt0058429	One Potato, Two Potato
tt0058450	The Umbrellas of Cherbourg
tt0058472	The Pink Phink
tt0058479	The Pleasure Seekers
tt0058500	The Pumpkin Eater
tt0058529	Robin and the 7 Hoods
tt0058541	Sallah
tt0058557	Seance on a Wet Afternoon
tt0058576	Seven Days in May
tt0058625	Woman in the Dunes
tt0058672	Topkapi
tt0058708	The Unsinkable Molly Brown
tt0058715	The Gospel According to St. Matthew
tt0058724	The Visit
tt0058743	What a Way to Go!
tt0058745	Where Love Has Gone
tt0058886	The Agony and the Ecstasy
tt0058946	The Battle of Algiers
tt0058948	The Battle of the Bulge...The Brave Rifles
tt0059015	Casanova '70
tt0059017	Cat Ballou
tt0059041	Clay or The Origin of Species
tt0059043	The Collector
tt0059084	Darling
tt0059113	Doctor Zhivago
tt0059122	The Dot and the Line
tt0059145	The Eleanor Roosevelt Story
tt0059183	The Flight of the Phoenix
tt0059193	The Forth Road Bridge
tt0059194	Fortress of Peace
tt0059197	Four Days in November
tt0059214	The Thieving Magpie (La Gazza Ladra)
tt0059229	Juliet of the Spirits
tt0059243	The Great Race
tt0059245	The Greatest Story Ever Told
tt0059309	In Harm's Way
tt0059314	Inside Daisy Clover
tt0059358	King Rat
tt0059359	A King's Story
tt0059415	Loves of a Blonde
tt0059424	Mandragola
tt0059453	Mister Buddwing
tt0059470	Morituri
tt0059483	Mural on Our Street
tt0059527	The Shop on Main Street
tt0059555	Othello
tt0059559	Ouverture
tt0059573	A Patch of Blue
tt0059575	The Pawnbroker
tt0059609	Point of View
tt0059613	The Chicken (Le Poulet)
tt0059630	A Rage to Live
tt0059674	The Sandpiper
tt0059711	Shenandoah
tt0059712	Ship of Fools
tt0059725	Skaterdater
tt0059729	The Slender Thread
tt0059731	Snow
tt0059742	The Sound of Music
tt0059749	The Spy Who Came In from the Cold
tt0059797	Those Magnificent Men in Their Flying Machines
tt0059798	A Thousand Clowns
tt0059800	Thunderball
tt0059807	Time Piece
tt0059814	To Be Alive!
tt0059825	The Train
tt0059829	Three
tt0059885	Von Ryan's Express
tt0059894	The War Game
tt0059903	What's New Pussycat?
tt0059926	Yeats Country
tt0060069	Adolescence
tt0060086	Alfie
tt0060099	An American Dream
tt0060164	The Bible
tt0060176	Blow-Up
tt0060182	Born Free
tt0060259	Cowboy
tt0060346	The Drag
tt0060389	The Face of Genius
tt0060397	Fantastic Voyage
tt0060401	Pharaoh
tt0060424	The Fortune Cookie
tt0060438	A Funny Thing Happened on the Way to the Forum
tt0060445	Gambit
tt0060453	Georgy Girl
tt0060472	Grand Prix
tt0060481	La Guerre Est Finie
tt0060491	Hawaii
tt0060498	Helicopter Canada
tt0060503	Herb Alpert and the Tijuana Brass Double Feature
tt0060588	Khartoum
tt0060665	A Man for All Seasons
tt0060714	Morgan!
tt0060736	The Naked Prey
tt0060776	The Odds Against
tt0060801	The Oscar
tt0060802	Closely Watched Trains
tt0060810	Paddle to the Sea
tt0060814	Is Paris Burning?
tt0060834	The Pink Blueprint
tt0060862	The Professionals
tt0060897	Return of the Seven
tt0060921	The Russians Are Coming The Russians Are Coming
tt0060927	Saint Matthew Passion
tt0060934	The Sand Pebbles
tt0060955	Seconds
tt0060983	The Singing Nun
tt0061034	Stop the World--I Want to Get Off
tt0061128	Turkey the Bridge
tt0061138	A Man and a Woman
tt0061163	Le Volcan Interdit (The Forbidden Volcano)
tt0061180	The Whisperers
tt0061184	Who's Afraid of Virginia Woolf?
tt0061192	Wild Wings
tt0061200	The Winning Strain
tt0061205	A Year toward Tomorrow
tt0061209	You're a Big Boy Now
tt0061350	El Amor Brujo
tt0061383	Banning
tt0061385	Barefoot in the Park
tt0061389	Beach Red
tt0061407	The Taming of the Shrew
tt0061418	Bonnie and Clyde
tt0061421	The Box
tt0061439	Camelot
tt0061452	Casino Royale
tt0061471	Portrait of Chieko
tt0061512	Cool Hand Luke
tt0061578	The Dirty Dozen
tt0061581	Divorce American Style
tt0061584	Doctor Dolittle
tt0061648	Far from the Madding Crowd
tt0061658	Festival
tt0061722	The Graduate
tt0061735	Guess Who's Coming to Dinner
tt0061749	The Happiest Millionaire
tt0061750	Harvest
tt0061781	The Firemen's Ball
tt0061798	Hypothese Beta
tt0061809	In Cold Blood
tt0061811	In the Heat of the Night
tt0061852	The Jungle Book
tt0061990	Monument to the Dream
tt0062131	A Place to Stand
tt0062164	The Boys of Paul Street
tt0062180	The Really Big Family
tt0062184	The Redwoods
tt0062244	The Anderson Platoon
tt0062246	See You at the Pillar
tt0062277	I Even Met Happy Gypsies
tt0062278	Sky over Holland
tt0062307	Stop, Look and Listen
tt0062353	What on Earth!
tt0062362	Thoroughly Modern Millie
tt0062372	A Time for Burning
tt0062377	Tobruk
tt0062407	Two for the Road
tt0062414	Ulysses
tt0062430	Valley of the Dolls
tt0062452	Live for Life
tt0062467	Wait until Dark
tt0062489	While I Run This Race
tt0062515	Young Americans
tt0062622	2001: A Space Odyssey
tt0062695	Stolen Kisses
tt0062757	The Brothers Karamazov
tt0062765	Bullitt
tt0062794	Charly
tt0062803	Chitty Chitty Bang Bang
tt0062873	The Young Girls of Rochefort
tt0062906	The Dove
tt0062952	Faces
tt0062968	A Few Notes on Our Food Problem
tt0062974	Finian's Rainbow
tt0062977	The Fixer
tt0062985	For Love of Ivy
tt0062990	The Fox
tt0062994	Funny Girl
tt0063050	The Heart Is a Lonely Hunter
tt0063094	Hot Millions
tt0063096	The House That Ananda Built
tt0063121	Ice Station Zebra
tt0063141	Isadora
tt0063160	Journey into Self
tt0063222	The Legendary Champions
tt0063227	The Lion in Winter
tt0063257	The Magic Pear Tree
tt0063262	The House That Jack Built
tt0063374	The Odd Couple
tt0063385	Oliver!
tt0063417	Duo
tt0063442	Planet of the Apes
tt0063454	Prelude
tt0063462	The Producers
tt0063483	Rachel, Rachel
tt0063485	The Girl with the Pistol
tt0063504	The Revolving Door
tt0063514	Robert Kennedy Remembered
tt0063518	Romeo and Juliet
tt0063522	Rosemary's Baby
tt0063599	The Shoes of the Fisherman
tt0063632	A Space to Grow
tt0063642	Star!
tt0063654	The Subject Was Roses
tt0063688	The Thomas Crown Affair
tt0063794	War and Peace
tt0063796	A Way Out of the Wilderness
tt0063804	Why Man Creates
tt0063808	Wild in the Streets
tt0063816	Windy Day
tt0063819	Winnie the Pooh and the Blustery Day
tt0064002	Alice's Restaurant
tt0064030	Anne of the Thousand Days
tt0064043	Arthur Rubinstein - The Love of Life
tt0064076	Before the Mountain Was Moved
tt0064091	The Battle of Neretva
tt0064094	Blake
tt0064100	Bob & Carol & Ted & Alice
tt0064107	A Boy Named Charlie Brown
tt0064115	Butch Cassidy and the Sundance Kid
tt0064117	Cactus Flower
tt0064118	The Damned
tt0064200	Czechoslovakia 1968
tt0064276	Easy Rider
tt0064284	Walking
tt0064357	Gaily, Gaily
tt0064381	Goodbye, Columbus
tt0064382	Goodbye, Mr. Chips
tt0064405	The Happy Ending
tt0064418	Hello, Dolly!
tt0064477	An Impression of John Steinbeck: Writer
tt0064482	In the Year of the Pig
tt0064504	It's Tough to Be a Bird
tt0064511	Jenny Is a Good Thing
tt0064555	Krakatoa, East of Java
tt0064573	Last Summer
tt0064581	Leo Beuerman
tt0064612	My Night at Maud's
tt0064623	The Magic Machines
tt0064639	Marooned
tt0064665	Midnight Cowboy
tt0064752	Of Men and Demons
tt0064756	The Olympics in Mexico
tt0064773	Other Voices
tt0064782	Paint Your Wagon
tt0064799	People Soup
tt0064840	The Prime of Miss Jean Brodie
tt0064886	The Reivers
tt0064940	Fellini Satyricon
tt0064952	The Secret of Santa Vittoria
tt0065037	The Sterile Cuckoo
tt0065054	Sweet Charity
tt0065088	They Shoot Horses, Don't They?
tt0065126	True Grit
tt0065127	Tchaikovsky
tt0065214	The Wild Bunch
tt0065220	The Wolf Men
tt0065234	Z
tt0065261	Ådalen '31
tt0065377	Airport
tt0065441	The Baby Maker
tt0065571	The Conformist
tt0065593	Cromwell
tt0065611	Darling Lili
tt0065636	Diary of a Mad Housewife
tt0065649	Dodes'ka-Den
tt0065702	Chariots of the Gods
tt0065703	First Love
tt0065724	Five Easy Pieces
tt0065751	The Further Adventures of Uncle Sam: Part Two
tt0065777	The Garden of the Finzi Continis
tt0065779	The Gifts
tt0065782	Sunflower
tt0065797	The Great White Hope
tt0065820	The Hawaiians
tt0065838	Hoa-Binh
tt0065872	I Never Sang for My Father
tt0065889	Investigation of a Citizen above Suspicion
tt0065894	Interviews with My Lai Veterans
tt0065901	Is It Always Right to Be Right?
tt0065906	Jack Johnson
tt0065916	Joe
tt0065944	King: A Filmed Record...Montgomery to Memphis
tt0065963	The Landlord
tt0065976	Let It Be
tt0065988	Little Big Man
tt0065998	A Long Way from Nowhere
tt0066011	Love Story
tt0066016	Lovers and Other Strangers
tt0066026	M*A*S*H
tt0066034	Madron
tt0066090	The Molly Maguires
tt0066178	Oisin
tt0066198	Paix Sur Les Champs
tt0066206	Patton
tt0066222	Pieces of Dreams
tt0066294	The Resurrection of Broncho Billy
tt0066319	Ryan's Daughter
tt0066336	Say Goodbye
tt0066344	Scrooge
tt0066367	The Shepherd
tt0066374	The Policeman
tt0066376	Shut Up...I'm Crying
tt0066406	Sticky My Fingers...Fleet My Feet
tt0066458	Time Is Running Out
tt0066473	Tora! Tora! Tora!
tt0066491	Tristana
tt0066561	When Dinosaurs Ruled the Earth
tt0066579	Women in Love
tt0066580	Woodstock
tt0066748	Adventures in Perception
tt0066753	Alaska Wilderness Lake
tt0066769	The Andromeda Strain
tt0066786	Art Is...
tt0066817	Bedknobs and Broomsticks
tt0066858	The Boy Friend
tt0066892	Carnal Knowledge
tt0066904	The Sorrow and the Pity
tt0066921	A Clockwork Orange
tt0066959	The Crunch Bird
tt0066995	Diamonds Are Forever
tt0067073	Evolution
tt0067093	Fiddler on the Roof
tt0067116	The French Connection
tt0067144	The Go-Between
tt0067152	Good Morning
tt0067197	The Hellstrom Chronicle
tt0067217	The Hospital
tt0067222	Hundertwasser's Rainy Day
tt0067309	Klute
tt0067314	Kotch
tt0067328	The Last Picture Show
tt0067402	Mary, Queen of Scots
tt0067411	McCabe & Mrs. Miller
tt0067425	My Dearest Señorita
tt0067445	Death in Venice
tt0067483	Nicholas and Alexandra
tt0067507	The Numbers Start with the River
tt0067527	On Any Sunday
tt0067662	The Rehearsal
tt0067731	The Selfish Giant
tt0067733	Sentinels of Silence
tt0067741	Shaft
tt0067772	Somebody Waiting
tt0067774	Sometimes a Great Notion
tt0067778	Murmur of the Heart
tt0067793	The Stepmother
tt0067800	Straw Dogs
tt0067803	Summer of '42
tt0067805	Sunday Bloody Sunday
tt0067919	The Emigrants
tt0067960	Walls of Fire
tt0067975	What's the Matter with Helen?
tt0067980	Who Is Harry Kellerman and Why Is He Saying Those Terrible Things about Me?
tt0067992	Willy Wonka and the Chocolate Factory
tt0068156	1776
tt0068161	The Dawns Here Are Quiet
tt0068213	I Love You Rosa
tt0068264	Ben
tt0068275	Ape and Super-Ape
tt0068286	Bless the Beasts & Children
tt0068326	Butterflies Are Free
tt0068327	Cabaret
tt0068334	The Candidate
tt0068361	The Discreet Charm of the Bourgeoisie
tt0068373	A Christmas Carol
tt0068473	Deliverance
tt0068575	Fat City
tt0068614	Frog Story
tt0068646	The Godfather
tt0068687	The Heartbreak Kid
tt0068718	The Hot Rock
tt0068732	images
tt0068790	K-Z
tt0068793	Kama Sutra Rides Again
tt0068828	Lady Sings the Blues
tt0068853	The Life and Times of Judge Roy Bean
tt0068864	The Little Ark
tt0068883	Ludwig
tt0068891	Cats' Play
tt0068903	Malcolm X
tt0068909	Man of La Mancha
tt0068918	Manson
tt0068924	Marjoe
tt0068990	Napoleon and Samantha
tt0069020	Norman Rockwell's World...An American Dream
tt0069035	The New Land
tt0069080	Pete 'n' Tillie
tt0069113	The Poseidon Adventure
tt0069151	The RA Expeditions
tt0069198	The Ruling Class
tt0069245	Selling Out
tt0069271	The Silent Revolution
tt0069281	Sleuth
tt0069296	Solo
tt0069303	Sounder
tt0069373	This Tiny World
tt0069379	The Tide of Traffic
tt0069404	Travels with My Aunt
tt0069422	Tup Tup
tt0069467	Cries and Whispers
tt0069528	Young Winston
tt0069699	Always a New Beginning
tt0069704	American Graffiti
tt0069757	Background
tt0069765	Bang the Drum Slowly
tt0069769	Battle of Berlin
tt0069771	The House on Chelouche Street
tt0069812	The Bolero
tt0069824	Brother Sun Sister Moon
tt0069877	Christo's Valley Curtain
tt0069883	Cinderella Liberty
tt0069891	Clockmaker
tt0069946	The Day of the Dolphin
tt0069947	The Day of the Jackal
tt0070047	The Exorcist
tt0070069	Four Stones for Kanemitsu
tt0070071	Frank Film
tt0070086	The Pedestrian
tt0070135	The Great American Cowboy
tt0070224	L'Invitation
tt0070239	Jesus Christ Superstar
tt0070248	Jonathan Livingston Seagull
tt0070249	Journey to the Outer Limits
tt0070290	The Last Detail
tt0070296	The Legend of John Henry
tt0070317	Life Times Nine
tt0070328	Live and Let Die
tt0070460	Day for Night
tt0070500	Children at Work (Paisti Ag Obair)
tt0070509	The Paper Chase
tt0070510	Paper Moon
tt0070511	Papillon
tt0070561	Princeton: A Search for Answers
tt0070574	Pulcinella
tt0070608	Robin Hood
tt0070640	Save the Tiger
tt0070666	Serpico
tt0070735	The Sting
tt0070748	Summer Wishes, Winter Dreams
tt0070814	Tom Sawyer
tt0070819	A Touch of Class
tt0070842	Turkish Delight
tt0070849	Last Tango in Paris
tt0070889	Volcano: An Inquiry into the Life and Death of Malcolm Lowry
tt0070903	The Way We Were
tt0071088	The 81st Blow
tt0071115	Alice Doesn't Live Here Anymore
tt0071129	Amarcord
tt0071151	Antonia: A Portrait of the Woman
tt0071155	The Apprenticeship of Duddy Kravitz
tt0071206	Benji
tt0071230	Blazing Saddles
tt0071299	The Challenge...A Tribute to Modern Art
tt0071315	Chinatown
tt0071332	City Out of Wilderness
tt0071334	Claudine
tt0071335	Climb
tt0071337	Closed Mondays
tt0071355	The Concert
tt0071360	The Conversation
tt0071385	Daisy Miller
tt0071411	Dersu Uzala
tt0071430	Don't
tt0071455	Earthquake
tt0071480	Exploratorium
tt0071484	The Family That Dwelt Apart
tt0071562	The Godfather Part II
tt0071566	Gold
tt0071577	The Great Gatsby
tt0071598	Harry and Tonto
tt0071604	Hearts and Minds
tt0071636	Hunger
tt0071671	The Island at the Top of the World
tt0071688	Jacob, the Liar
tt0071699	John Muir's High Sierra
tt0071733	Lacombe, Lucien
tt0071746	Lenny
tt0071762	The Little Prince
tt0071771	The Longest Yard
tt0071877	Murder on the Orient Express
tt0071893	Naked Yoga
tt0071943	One-Eyed Men Are Kings
tt0071994	Phantom of the Paradise
tt0072001	Planet Ocean
tt0072021	The Deluge
tt0072037	Scent of a Woman
tt0072149	Shanks
tt0072288	Thunderbolt and Lightfoot
tt0072307	And Now My Love
tt0072308	The Towering Inferno
tt0072315	The Truce
tt0072333	The Wild and the Brave
tt0072370	The Violin
tt0072380	Voyage to Next
tt0072410	Winnie the Pooh and Tigger Too
tt0072417	A Woman under the Influence
tt0072431	Young Frankenstein
tt0072446	Land of Promise
tt0072601	Letters from Marusia
tt0072646	Angel and Big Joe
tt0072659	Arthur and Lillie
tt0072684	Barry Lyndon
tt0072703	Birds Do It, Bees Do It
tt0072705	Bite the Bullet
tt0072757	The California Reich
tt0072816	Conquest of Light
tt0072826	Cousin, Cousine
tt0072846	Dawn Flight
tt0072847	A Day in the Life of Bonnie Consolo
tt0072848	The Day of the Locust
tt0072890	Dog Day Afternoon
tt0072900	Doubletalk
tt0072939	The End of the Game
tt0072973	Farewell, My Lovely
tt0072982	Fighting for Our Lives
tt0073012	The Four Musketeers
tt0073026	Funny Lady
tt0073053	Give 'em Hell, Harry!
tt0073068	Great
tt0073098	Hedda
tt0073107	Hester Street
tt0073113	The Hindenburg
tt0073114	The Story of Adele H.
tt0073164	The Incredible Machine
tt0073190	Jacqueline Susann's Once Is Not Enough
tt0073195	Jaws
tt0073237	Kick Me
tt0073293	Lies My Father Told Me
tt0073335	Mahogany
tt0073340	The Man Who Skied down Everest
tt0073341	The Man Who Would Be King
tt0073345	The Man in the Glass Booth
tt0073392	Millions of Years Ahead of Man
tt0073402	Monsieur Pointu
tt0073440	Nashville
tt0073460	Nights and Days
tt0073486	One Flew over the Cuckoo's Nest
tt0073495	The Other Half of the Sky: A China Memoir
tt0073496	The Other Side of the Mountain
tt0073578	Probes in Space
tt0073654	Sandakan No. 8
tt0073692	Shampoo
tt0073715	Sisyphus
tt0073766	The Sunshine Boys
tt0073802	Three Days of the Condor
tt0073812	Tommy
tt0073822	The Magic Flute
tt0073891	Whiffs
tt0073893	Whistling Smith
tt0073906	The Wind and the Lion
tt0074119	All the President's Men
tt0074134	American Shoeshine
tt0074147	Face to Face
tt0074215	Blackwood
tt0074235	Bound for Glory
tt0074256	Bugsy Malone
tt0074285	Carrie
tt0074291	Fellini's Casanova
tt0074386	Dedalo
tt0074482	The End of the Road
tt0074554	The Front
tt0074601	Half a House
tt0074605	Harlan County, U.S.A.
tt0074635	Hollywood on Trial
tt0074675	In the Region of Ice
tt0074678	The Incredible Sarah
tt0074751	King Kong
tt0074765	Kudzu
tt0074777	The Last Tycoon
tt0074787	Leisure
tt0074812	Logan's Run
tt0074860	Marathon Man
tt0074896	Mohammad - Messenger of God
tt0074919	The Morning Spider
tt0074958	Network
tt0074966	Nightlife
tt0074972	Black and White in Color
tt0074986	Number One
tt0074987	Number Our Days
tt0074991	Obsession
tt0074997	Off the Edge
tt0075005	The Omen
tt0075029	The Outlaw Josey Wales
tt0075040	Seven Beauties
tt0075043	The Passover Plot
tt0075052	People of the Wind
tt0075066	The Pink Panther Strikes Again
tt0075148	Rocky
tt0075194	The Seven-per-cent Solution
tt0075213	The Shootist
tt0075223	Silver Streak
tt0075232	The Slipper and the Rose--The Story of Cinderella
tt0075265	A Star Is Born
tt0075273	The Street
tt0075314	Taxi Driver
tt0075359	Two-Minute Warning
tt0075372	Union Maids
tt0075373	Universe
tt0075406	Voyage of the Damned
tt0075626	The Absent-Minded Waiter
tt0075645	Agueda Martinez: Our People, Our Country
tt0075648	Airport '77
tt0075686	Annie Hall
tt0075732	The Bead Game
tt0075824	That Obscure Object of Desire
tt0075839	The Children of Theatre Street
tt0075847	The Sand Castle
tt0075860	Close Encounters of the Third Kind
tt0075925	The Deep
tt0075953	The Doonesbury Special
tt0075975	A Simple Story
tt0075995	Equus
tt0076032	First Edition
tt0076036	Floating Free
tt0076085	A Special Day
tt0076095	The Goodbye Girl
tt0076105	Gravity Is My Enemy
tt0076142	High Grass Circus
tt0076151	Homage to Chagall--The Colours of Love
tt0076172	I Never Promised You a Rose Garden
tt0076173	I'll Find a Way
tt0076208	Iphigenia
tt0076211	Islands in the Stream
tt0076230	Jimmy the C
tt0076245	Julia
tt0076301	The Late Show
tt0076319	A Little Night Music
tt0076327	Looking for Mr. Goodbar
tt0076348	Madame Rosa
tt0076398	Operation Thunderbolt
tt0076467	Notes on the Popular Arts
tt0076488	Of Time, Tombs and Treasure
tt0076489	Oh, God!
tt0076507	The Other Side of Midnight
tt0076538	Pete's Dragon
tt0076618	The Rescuers
tt0076666	Saturday Night Fever
tt0076700	The Shetland Experience
tt0076729	Smokey and the Bandit
tt0076740	Sorcerer
tt0076742	Spaceborne
tt0076752	The Spy Who Loved Me
tt0076759	Star Wars
tt0076843	The Turning Point
tt0076918	Who Are the DeBolts? And Where Did They Get Nineteen Kids?
tt0076941	You Light Up My Life
tt0077222	White Bim Black Ear
tt0077269	The Boys from Brazil
tt0077275	The Brink's Job
tt0077280	The Buddy Holly Story
tt0077288	La Cage aux Folles
tt0077289	California Suite
tt0077296	Caravans
tt0077360	Comes a Horseman
tt0077362	Coming Home
tt0077405	Days of Heaven
tt0077413	Death on the Nile
tt0077416	The Deer Hunter
tt0077434	A Different Approach
tt0077442	The Divided Trail: A Native American Odyssey
tt0077502	An Encounter with Faces
tt0077564	The Flight of the Gossamer Condor
tt0077578	Foul Play
tt0077615	The Glass Cell
tt0077624	Goodnight Miss Ann
tt0077631	Grease
tt0077663	Heaven Can Wait
tt0077696	Hooper
tt0077711	Autumn Sonata
tt0077716	Ice Castles
tt0077742	Interiors
tt0077890	The Magic of Lassie
tt0077891	Hungarians
tt0077901	Mandy's Grandmother
tt0077928	Midnight Express
tt0077966	Mysterious Castles of Clay
tt0078012	Viva Italia!
tt0078017	Oh My Darling
tt0078111	Pretty Baby
tt0078122	Get Out Your Handkerchiefs
tt0078140	Raoni
tt0078168	Rip Van Winkle
tt0078199	Same Time, Next Year
tt0078205	Scared Straight!
tt0078314	Squires of San Quentin
tt0078329	Strange Fruit
tt0078346	Superman
tt0078350	The Swarm
tt0078372	Teenage Father
tt0078382	Thank God It's Friday
tt0078444	An Unmarried Woman
tt0078501	With Babies and Banners: Story of the Women's Emergency Brigade
tt0078504	The Wiz
tt0078718	...And Justice for All
tt0078721	10
tt0078723	1941
tt0078736	Agatha
tt0078748	Alien
tt0078754	All That Jazz
tt0078767	The Amityville Horror
tt0078788	Apocalypse Now
tt0078841	Being There
tt0078850	Best Boy
tt0078868	Confidence
tt0078869	The Black Hole
tt0078872	The Black Stallion
tt0078875	The Tin Drum
tt0078878	Bloodbrothers
tt0078885	Board and Care
tt0078900	Bravery in the Field
tt0078902	Breaking Away
tt0078919	Butch and Sundance: The Early Days
tt0078950	The Champ
tt0078952	Chapter Two
tt0078966	The China Syndrome
tt0079022	Dae
tt0079054	To Forget Venice
tt0079079	Dream Doll
tt0079100	The Electric Horseman
tt0079123	The Europeans
tt0079126	Every Child
tt0079201	Generation on the Wind
tt0079220	Going the Distance
tt0079239	The Great Santini
tt0079354	It's So Nice to Have a Wolf around the House
tt0079402	The Killing Ground
tt0079414	Koryo Celadon
tt0079417	Kramer vs. Kramer
tt0079477	A Little Romance
tt0079517	Mama Turns a Hundred
tt0079522	Manhattan
tt0079550	Meteor
tt0079574	Moonraker
tt0079579	Moscow Does Not Believe in Tears
tt0079588	The Muppet Movie
tt0079596	My Brilliant Career
tt0079608	Nails
tt0079625	The Nest
tt0079638	Norma Rae
tt0079656	Oh Brother, My Brother
tt0079696	The Maids of Wilko
tt0079704	Paul Robeson: Tribute to an Artist
tt0079756	The Promise
tt0079791	Remember Me
tt0079826	The Rose
tt0079923	Solly's Diner
tt0079945	Star Trek - The Motion Picture
tt0079948	Starting Over
tt0080009	Tess
tt0080087	The Lovers' Wind
tt0080118	The War at Home
tt0080310	Breaker Morant
tt0080319	Nine to Five
tt0080337	Agee
tt0080351	All Nothing
tt0080360	Altered States
tt0080388	Atlantic City
tt0080453	The Blue Lagoon
tt0080474	Brubaker
tt0080549	Coal Miner's Daughter
tt0080556	The Competition
tt0080594	The Day after Trinity
tt0080610	The Last Metro
tt0080643	The Dollar Bottom
tt0080647	Don't Mess with Bill
tt0080678	The Elephant Man
tt0080684	The Empire Strikes Back
tt0080694	The Eruption of Mount St. Helens
tt0080713	Fall Line
tt0080716	Fame
tt0080754	The Formula
tt0080762	From Mao to Mozart: Isaac Stern in China
tt0080763	Front Line
tt0080780	The Yellow Star - The Persecution of the Jews in Europe 1933-45
tt0080798	Gloria
tt0080855	Heaven's Gate
tt0080879	History of the World in Three Minutes Flat
tt0080888	Honeysuckle Rose
tt0080928	Inside Moves
tt0080937	It's the Same World
tt0080974	A Jury of Her Peers
tt0080979	Kagemusha (The Shadow Warrior)
tt0080987	Karl Hess: Toward Liberty
tt0081040	The Fly
tt0081091	Luther Metke at 94
tt0081150	Melvin and Howard
tt0081176	Mon Oncle D'Amerique
tt0081283	Ordinary People
tt0081375	Private Benjamin
tt0081398	Raging Bull
tt0081414	Resurrection
tt0081534	Somewhere in Time
tt0081568	The Stunt Man
tt0081656	Tribute
tt0081747	When Time Ran Out
tt0081974	Absence of Malice
tt0081988	Against Wind and Tide: A Cuban Odyssey
tt0082010	An American Werewolf in London
tt0082012	Americas in Transition
tt0082031	Arthur
tt0082095	The Boat Is Full
tt0082096	Das Boot
tt0082106	Brooklyn Bridge
tt0082158	Chariots of Fire
tt0082187	Close Harmony
tt0082206	Coup de Torchon ('Clean Slate')
tt0082207	Couples and Robbers
tt0082209	Crac
tt0082212	The Creation
tt0082222	Man of Iron
tt0082280	Muddy River
tt0082288	Dragonslayer
tt0082312	Eight Minutes to Midnight: A Portrait of Dr. Helen Caldicott
tt0082315	El Salvador: Another Vietnam
tt0082329	Endless Love
tt0082348	Excalibur
tt0082383	First Winter
tt0082398	For Your Eyes Only
tt0082416	The French Lieutenant's Woman
tt0082443	Genocide
tt0082474	The Great Muppet Caper
tt0082484	Quest for Fire
tt0082507	Heartbeeps
tt0082587	Journey for Survival
tt0082736	Mephisto
tt0082846	On Golden Pond
tt0082853	Only When I Laugh
tt0082869	Outland
tt0082894	Pennies from Heaven
tt0082945	Prince of the City
tt0082970	Ragtime
tt0082971	Raiders of the Lost Ark
tt0082979	Reds
tt0083044	See What I Say
tt0083104	The Solar Film
tt0083182	The Tender Tale of Cinderella Penguin
tt0083226	Three Brothers
tt0083265	Urge to Build
tt0083293	Violet
tt0083525	After the Axe
tt0083543	Alsino and the Condor
tt0083564	Annie
tt0083615	Ballet Robotique
tt0083638	Ben's Mill
tt0083641	Best Friends
tt0083642	The Best Little Whorehouse in Texas
tt0083658	Blade Runner
tt0083688	Boys and Girls
tt0083732	Private Life
tt0083833	Diner
tt0083866	E.T. The Extra-Terrestrial
tt0083922	Fanny & Alexander
tt0083967	Frances
tt0083987	Gandhi
tt0084009	Gods of Metal
tt0084023	The Great Cognito
tt0084118	If You Love This Planet
tt0084127	In Our Water
tt0084136	The Flight of the Eagle
tt0084185	Just Another Missing Kid
tt0084213	The Klan: A Legacy of Hate in America
tt0084335	Missing
tt0084370	My Favorite Year
tt0084434	An Officer and a Gentleman
tt0084445	One from the Heart
tt0084516	Poltergeist
tt0084524	A Portrait of Giselle
tt0084589	The Return of Martin Guerre
tt0084591	Reuben, Reuben
tt0084602	Rocky III
tt0084672	A Shocking Accident
tt0084683	The Silence
tt0084701	The Snowman
tt0084707	Sophie's Choice
tt0084713	Split Cherry Tree
tt0084722	Sredni Vashtar
tt0084764	Tango
tt0084798	To Live or Let Die
tt0084805	Tootsie
tt0084820	Traveling Hopefully
tt0084821	La Traviata
tt0084827	Tron
tt0084855	The Verdict
tt0084865	Victor/Victoria
tt0084874	Volver a Empezar ('To Begin Again')
tt0084917	The World According to Garp
tt0084931	Yes, Giorgio
tt0085213	Le Bal
tt0085234	Betrayal
tt0085244	The Big Chill
tt0085255	Blue Thunder
tt0085297	Carmen
tt0085329	Children of Darkness
tt0085370	Entre Nous
tt0085380	Cross Creek
tt0085461	The Dresser
tt0085478	Educating Rita
tt0085482	El Norte
tt0085544	First Contact
tt0085548	Flamenco at 5:15
tt0085549	Flashdance
tt0085613	Goodie-Two-Shoes
tt0085655	He Makes Me Feel Like Dancin'
tt0085656	Heart Like a Wheel
tt0085714	You Are Free (Ihr Zent Frei)
tt0085722	In the Nuclear Shadow: What Can the Children Tell Us?
tt0085767	Job's Revolt
tt0085905	Marlene
tt0085936	Mickey's Christmas Carol
tt0086005	Never Cry Wolf
tt0086067	Overnight Sensation
tt0086147	The Profession of Arms
tt0086190	Return of the Jedi
tt0086197	The Right Stuff
tt0086273	Seeing Red
tt0086291	Sewing Woman
tt0086312	Silkwood
tt0086344	Sound of Sunshine - Sound of Rain
tt0086347	Spaces: The Architecture of Paul Rudolph
tt0086370	The Sting II
tt0086388	Sundae in New York
tt0086423	Tender Mercies
tt0086425	Terms of Endearment
tt0086429	Testament
tt0086450	To Be or Not to Be
tt0086465	Trading Places
tt0086510	Under Fire
tt0086561	Wartime Romance
tt0086567	WarGames
tt0086617	The Year of Living Dangerously
tt0086619	Yentl
tt0086637	Zelig
tt0086837	2010
tt0086859	Against All Odds
tt0086879	Amadeus
tt0086960	Beverly Hills Cop
tt0086992	The Bostonians
tt0087003	Broadway Danny Rose
tt0087027	Camila
tt0087040	Charade
tt0087049	The Children of Soong Ching Ling
tt0087067	Code Gray: Ethical Dilemmas in Nursing
tt0087089	The Cotton Club
tt0087091	Country
tt0087144	Dangerous Moves
tt0087156	Doctor De Soto
tt0087182	Dune
tt0087277	Footloose
tt0087316	The Garden of Eden
tt0087332	Ghostbusters
tt0087365	Greystoke: The Legend of Tarzan, Lord of the Apes
tt0087409	High Schools
tt0087468	In the Name of the People
tt0087469	Indiana Jones and the Temple of Doom
tt0087538	The Karate Kid
tt0087553	The Killing Fields
tt0087699	Beyond the Walls
tt0087755	The Muppets Take Manhattan
tt0087781	The Natural
tt0087871	The Painted Door
tt0087880	Paradise
tt0087892	A Passage to India
tt0087921	Places in the Heart
tt0087932	The Pope of Greenwich Village
tt0087957	Purple Rain
tt0087984	Recollections of Pavlovsk
tt0088007	The River
tt0088011	Romancing the Stone
tt0088090	Double Feature
tt0088146	A Soldier's Story
tt0088153	Songwriter
tt0088161	Splash
tt0088172	Starman
tt0088177	The Stone Carvers
tt0088196	Streetwise
tt0088213	Swing Shift
tt0088223	Tales of Meeting and Parting
tt0088275	The Times of Harvey Milk
tt0088322	Under the Volcano
tt0088332	Up
tt0088414	The Woman in Red
tt0088683	Agnes of God
tt0088725	Anna & Bella
tt0088740	Artie Shaw: Time Is All You've Got
tt0088763	Back to the Future
tt0088805	The Big Snit
tt0088811	Angry Harvest
tt0088846	Brazil
tt0088857	Broken Rainbow
tt0088915	A Chorus Line
tt0088933	Cocoon
tt0088939	The Color Purple
tt0088957	The Courage to Care
tt0089225	Graffiti
tt0089276	The Official Story
tt0089360	Jagged Edge
tt0089385	The Journey of Natty Gann
tt0089408	Keats and His Nightingale: A Blind Date
tt0089424	Kiss of the Spider Woman
tt0089457	Ladyhawke
tt0089460	Las Madres--The Mothers of Plaza de Mayo
tt0089469	Legend
tt0089535	Making Overtures--The Story of a Community Orchestra
tt0089560	Mask
tt0089606	My Life as a Dog
tt0089612	Molly's Pilgrim
tt0089643	Murphy's Romance
tt0089716	Colonel Redl
tt0089748	When Father Was Away on Business
tt0089755	Out of Africa
tt0089841	Prizzi's Honor
tt0089853	The Purple Rose of Cairo
tt0089878	Rainbow War
tt0089880	Rambo: First Blood Part II
tt0089881	Ran
tt0089901	Remo Williams: The Adventure Begins
tt0089908	Return to Oz
tt0089941	Runaway Train
tt0089980	Second Class Mail
tt0090022	Silverado
tt0090043	Soldiers in Hiding
tt0090110	Sweet Dreams
tt0090203	The Trip to Bountiful
tt0090206	Three Men and a Cradle
tt0090223	Twice in a Lifetime
tt0090257	My Sweet Little Village
tt0090319	White Nights
tt0090329	Witness
tt0090330	Witness to War: Dr. Charlie Clements
tt0090332	The Wizard of the Strings
tt0090357	Young Sherlock Holmes
tt0090554	'38'
tt0090555	'Crocodile' Dundee
tt0090557	'Round Midnight
tt0090563	Betty Blue
tt0090576	The Assault
tt0090605	Aliens
tt0090633	An American Tail
tt0090756	Blue Velvet
tt0090830	Children of a Lesser God
tt0090831	Chile: Hasta Cuando?
tt0090848	The Clan of the Cave Bear
tt0090863	The Color of Money
tt0090886	Crimes of the Heart
tt0090921	Debonair Dancers
tt0090965	Down and Out in America
tt0090985	The Decline of the American Empire
tt0091021	Exit
tt0091064	The Fly
tt0091082	The Frog, the Dog and the Devil
tt0091152	A Greek Tragedy
tt0091167	Hannah and Her Sisters
tt0091187	Heartbreak Ridge
tt0091217	Hoosiers
tt0091279	Isaac in America: A Journey with Isaac Bashevis Singer
tt0091326	The Karate Kid Part II
tt0091419	Little Shop of Horrors
tt0091438	Love Struck
tt0091455	Luxo Jr.
tt0091494	The Masters of Disaster
tt0091530	The Mission
tt0091538	Mona Lisa
tt0091554	The Morning After
tt0091578	My Beautiful Laundrette
tt0091699	Otello
tt0091738	Peggy Sue Got Married
tt0091757	Pirates
tt0091763	Platoon
tt0091778	Poltergeist II: The Other Side
tt0091787	Precious Images
tt0091833	Red Grooms: Sunflower in a Hothouse
tt0091867	A Room with a View
tt0091886	Salvador
tt0091887	Sam
tt0092005	Stand by Me
tt0092007	Star Trek IV: The Voyage Home
tt0092011	The Statue of Liberty
tt0092079	That's Life
tt0092099	Top Gun
tt0092136	Unfinished Business
tt0092229	Witness to Apartheid
tt0092235	Women--for America, for the World
tt0092569	Anna
tt0092584	Course Completed
tt0092593	Au Revoir Les Enfants (Goodbye, Children)
tt0092603	Babette's Feast
tt0092644	Beverly Hills Cop II
tt0092699	Broadcast News
tt0092804	Cry Freedom
tt0092843	The Dead
tt0092890	Dirty Dancing
tt0092965	Empire of the Sun
tt0092999	Eyes on the Prize: America's Civil Rights Years/Bridge to Freedom 1965
tt0093004	The Family
tt0093010	Fatal Attraction
tt0093047	Frances Steloff: Memoirs of a Bookseller
tt0093058	Full Metal Jacket
tt0093067	Gaby - A True Story
tt0093084	George and Rosemary
tt0093105	Good Morning, Vietnam
tt0093145	Happy New Year
tt0093148	Harry and the Hendersons
tt0093173	Hellfire: A Journey from Hiroshima
tt0093209	Hope and Glory
tt0093254	In the Wee Wee Hours...
tt0093260	Innerspace
tt0093277	Ironweed
tt0093388	Language Says It All
tt0093389	The Last Emperor
tt0093409	Lethal Weapon
tt0093478	Making Waves
tt0093488	The Man Who Planted Trees
tt0093493	Mannequin
tt0093509	Matewan
tt0093512	Maurice
tt0093565	Moonstruck
tt0093664	Dark Eyes
tt0093668	Pathfinder
tt0093713	Pelle the Conqueror
tt0093773	Predator
tt0093779	The Princess Bride
tt0093817	Radio Bikini
tt0093818	Radio Days
tt0093826	Ray's Male Heterosexual Dance Hall
tt0093870	RoboCop
tt0093960	Shoeshine
tt0093975	Silver into Gold
tt0094027	Stand and Deliver
tt0094042	A Stitch for Time
tt0094056	Street Smart
tt0094119	The Ten-Year Lunch: The Wit and Legend of the Algonquin Round Table
tt0094142	Throw Momma from the Train
tt0094226	The Untouchables
tt0094291	Wall Street
tt0094315	The Whales of August
tt0094332	The Witches of Eastwick
tt0094363	Young at Heart
tt0094364	Your Face
tt0094606	The Accidental Tourist
tt0094608	The Accused
tt0094670	The Appointments of Dennis Jennings
tt0094715	Beaches
tt0094721	Beetlejuice
tt0094737	Big
tt0094747	Bird
tt0094812	Bull Durham
tt0094819	Buster
tt0094825	Cadillac Dreams
tt0094828	Camille Claudel
tt0094847	The Cat Came Back
tt0094864	The Children's Storefront
tt0094898	Coming to America
tt0094924	A Cry in the Dark
tt0094925	The Cry of Reason - Beyers Naudé: An Afrikaner Speaks Out
tt0094947	Dangerous Liaisons
tt0095016	Die Hard
tt0095159	A Fish Called Wanda
tt0095197	Gang Cops
tt0095243	Gorillas in the Mist
tt0095261	Gullah Tales
tt0095274	A Handful of Dust
tt0095276	Hanussen
tt0095341	Hotel Terminus: The Life and Times of Klaus Barbie
tt0095497	The Last Temptation of Christ
tt0095515	Let's Get Lost
tt0095530	Little Dorrit
tt0095593	Married to the Mob
tt0095606	The Music Teacher
tt0095638	The Milagro Beanfield War
tt0095647	Mississippi Burning
tt0095675	Women on the Verge of a Nervous Breakdown
tt0095765	Cinema Paradiso
tt0095800	The Bear
tt0095801	Bagdad Cafe
tt0095892	Portrait of Imogen
tt0095918	Promises to Keep
tt0095953	Rain Man
tt0096018	Running on Empty
tt0096028	Salaam Bombay!
tt0096061	Scrooged
tt0096193	Sunset
tt0096238	Technological Threat
tt0096244	Tequila Sunrise
tt0096273	Tin Toy
tt0096316	Tucker The Man and His Dream
tt0096332	The Unbearable Lightness of Being
tt0096438	Who Framed Roger Rabbit
tt0096440	Who Killed Vincent Chin?
tt0096446	Willow
tt0096463	Working Girl
tt0096484	You Don't Have to Die
tt0096754	The Abyss
tt0096761	Adam Clayton Powell
tt0096764	The Adventures of Baron Munchausen
tt0096798	Amazon Diary
tt0096874	Back to the Future Part II
tt0096880	Balance
tt0096895	Batman
tt0096933	Black Rain
tt0096943	Blaze
tt0096969	Born on the Fourth of July
tt0097044	Chances Are
tt0097057	The Childeater
tt0097099	Common Threads: Stories from the Quilt
tt0097118	The Cow
tt0097120	Crack USA: County under Siege
tt0097123	Crimes and Misdemeanors
tt0097142	Dad
tt0097155	Waltzing Regitze
tt0097165	Dead Poets Society
tt0097216	Do the Right Thing
tt0097239	Driving Miss Daisy
tt0097243	A Dry White Season
tt0097276	Enemies, A Love Story
tt0097322	The Fabulous Baker Boys
tt0097351	Field of Dreams
tt0097356	Fine Food, Fine Pastries, Open 6 to 9
tt0097372	For All Mankind
tt0097441	Glory
tt0097481	Harlem Nights
tt0097499	Henry V
tt0097509	The Hill Farm
tt0097576	Indiana Jones and the Last Crusade
tt0097628	The Johnstown Flood
tt0097635	Jesus of Montreal
tt0097733	Lethal Weapon 2
tt0097757	The Little Mermaid
tt0097766	What Happened to Santiago
tt0097937	My Left Foot
tt0098067	Parenthood
tt0098319	Shirley Valentine
tt0098384	Steel Magnolias
tt0098413	Super Chief: The Life and Legacy of Earl Warren
tt0098575	Valmont
tt0098635	When Harry Met Sally...
tt0098677	Work Experience
tt0098685	Yad Vashem: Preserving the Past to Ensure the Future
tt0098724	sex, lies, and videotape
tt0098962	12:01 PM
tt0099012	Alice
tt0099028	American Dream
tt0099073	Avalon
tt0099077	Awakenings
tt0099121	Berkeley in the Sixties
tt0099182	Bronx Cheers
tt0099185	Building Bombs
tt0099191	Burning Down Tomorrow
tt0099257	Chimps: So Like Us
tt0099317	Creature Comforts
tt0099334	Cyrano de Bergerac
tt0099348	Dances With Wolves
tt0099371	Days of Thunder
tt0099372	Days of Waiting
tt0099382	Dear Rosie
tt0099422	Dick Tracy
tt0099487	Edward Scissorhands
tt0099566	The Field
tt0099582	Flatliners
tt0099598	Forever Activists: Stories from the Veterans of the Abraham Lincoln Brigade
tt0099653	Ghost
tt0099674	The Godfather, Part III
tt0099685	Good Fellas
tt0099696	Grasshoppers (Cavallette)
tt0099699	Green Card
tt0099703	The Grifters
tt0099726	Hamlet
tt0099747	Havana
tt0099762	Henry & June
tt0099776	Europa Europa
tt0099785	Home Alone
tt0099810	The Hunt for Red October
tt0099899	Journey into Life: The World of the Unborn
tt0099902	Ju Dou
tt0100049	Longtime Companion
tt0100076	The Lunch Date
tt0100142	Metropolitan
tt0100157	Misery
tt0100200	Mr. & Mrs. Bridge
tt0100211	Music Box
tt0100389	Open Doors
tt0100395	Postcards from the Edge
tt0100405	Pretty Woman
tt0100470	Journey of Hope
tt0100486	Reversal of Fortune
tt0100517	Rose Kennedy: A Life to Remember
tt0100557	The Nasty Girl
tt0100579	Senzeni Na? (What Have We Done?)
tt0100802	Total Recall
tt0100900	Waldo Salt: A Screenwriter's Journey
tt0100935	Wild at Heart
tt0100994	Young Guns II
tt0101270	Adam
tt0101272	The Addams Family
tt0101316	The Lover
tt0101393	Backdraft
tt0101410	Barton Fink
tt0101414	Beauty and the Beast
tt0101456	Birch Street Gym
tt0101457	Birdnesters of Thailand (aka 'Shadow Hunters')
tt0101468	Blackfly
tt0101507	Boyz N the Hood
tt0101516	Bugsy
tt0101526	Children of Nature
tt0101540	Cape Fear
tt0101587	City Slickers
tt0101605	The Commitments
tt0101640	Raise the Red Lantern
tt0101683	Deadly Deception: General Electric, Nuclear Weapons and Our Environment
tt0101693	Death on the Job
tt0101749	Doing Time: Life inside the Big House
tt0101811	Enchanted April
tt0101889	The Fisher King
tt0101902	For the Boys
tt0101921	Fried Green Tomatoes
tt0101969	Grand Canyon
tt0102057	Hook
tt0102114	In the Shadow of the Stars
tt0102138	JFK
tt0102268	Last Breeze of Summer
tt0102320	A Little Vicious
tt0102368	Madame Bovary
tt0102392	Manipulation
tt0102406	The Mark of the Maker
tt0102426	Mediterraneo
tt0102430	Memorial: Letters from American Soldiers
tt0102571	The Elementary School
tt0102619	The Ox
tt0102713	The Prince of Tides
tt0102753	Rambling Rose
tt0102778	The Restless Conscience
tt0102798	Robin Hood: Prince of Thieves
tt0102926	The Silence of the Lambs
tt0102975	Star Trek VI The Undiscovered Country
tt0102997	Strings
tt0103064	Terminator 2: Judgment Day
tt0103074	Thelma & Louise
tt0103176	Close to Eden
tt0103260	Wild by Law
tt0103639	Aladdin
tt0103644	Alien 3
tt0103728	At the Edge of Conquest: The Journey of Chief Wai-Wai
tt0103772	Basic Instinct
tt0103776	Batman Returns
tt0103791	Belle Epoque
tt0103803	Beyond Imagining: Margaret Anderson and the 'Little Review'
tt0103855	The Bodyguard
tt0103874	Bram Stoker's Dracula
tt0103938	Changing Our Minds: The Story of Dr. Evelyn Hooker
tt0103939	Chaplin
tt0103985	The Colours of My Father: A Portrait of Sam Borenstein
tt0104007	Contact
tt0104032	Cruise Control
tt0104036	The Crying Game
tt0104046	Daens
tt0104070	Death Becomes Her
tt0104167	Educating Peter
tt0104237	Damage
tt0104257	A Few Good Men
tt0104275	Fires of Kuwait
tt0104348	Glengarry Glen Ross
tt0104361	A Grand Day Out
tt0104403	Hedd Wyn
tt0104427	Hoffa
tt0104454	Howards End
tt0104466	Husbands and Wives
tt0104507	Indochine
tt0104669	The Lady in Waiting
tt0104691	The Last of the Mohicans
tt0104721	Liberators: Fighting on Two Fronts in World War II
tt0104756	Lorenzo's Oil
tt0104765	Love Field
tt0104774	A Place in the World
tt0104797	Malcolm X
tt0104802	The Mambo Kings
tt0104908	Mona Lisa Descending a Staircase
tt0104928	Mr. Saturday Night
tt0104946	Music for the Movies: Bernard Herrmann
tt0104952	My Cousin Vinny
tt0105051	Omnibus
tt0105089	The Panama Deception
tt0105107	Passion Fish
tt0105151	The Player
tt0105224	Reci, Reci, Reci... (Words, Words, Words)
tt0105265	A River Runs through It
tt0105311	The Sandman
tt0105323	Scent of a Woman
tt0105328	Schtonk!
tt0105335	Screen Play
tt0105506	Swan Song
tt0105629	Toys
tt0105690	Under Siege
tt0105695	Unforgiven
tt0105805	When Abortion Was Illegal: Untold Stories
tt0106220	Addams Family Values
tt0106226	The Age of Innocence
tt0106332	Farewell My Concubine
tt0106375	Beethoven's 2nd
tt0106428	Blindscape
tt0106431	Blood Ties: The Life and Work of Sally Mann
tt0106446	Bob's Birthday
tt0106485	The Broadcast Tapes of Dr. Peter
tt0106555	Chicks in White Satin
tt0106556	Children of Fate
tt0106582	Cliffhanger
tt0106673	Dave
tt0106694	Defending Our Lives
tt0106766	Down on the Waterfront
tt0106881	Fearless
tt0106918	The Firm
tt0106939	For Better or for Worse
tt0106961	Franz Kafka's It's a Wonderful Life
tt0106966	Strawberry and Chocolate
tt0106977	The Fugitive
tt0107004	Geronimo: An American Legend
tt0107156	The Wedding Banquet
tt0107177	I Am a Promise: The Children of Stanton Elementary School
tt0107206	In the Line of Fire
tt0107207	In the Name of the Father
tt0107290	Jurassic Park
tt0107574	The Mighty River
tt0107614	Mrs. Doubtfire
tt0107617	The Scent of Green Papaya
tt0107688	The Nightmare before Christmas
tt0107756	Orlando
tt0107818	Philadelphia
tt0107822	The Piano
tt0107840	Poetic Justice
tt0107943	The Remains of the Day
tt0108052	Schindler's List
tt0108056	Black Rider (Schwarzfahrer)
tt0108065	Searching for Bobby Fischer
tt0108086	Session Man
tt0108101	Shadowlands
tt0108122	Short Cuts
tt0108149	Six Degrees of Separation
tt0108160	Sleepless in Seattle
tt0108165	Small Talk
tt0108494	The Village
tt0108498	The Screw (La Vis)
tt0108515	The War Room
tt0108550	What's Eating Gilbert Grape
tt0108551	What's Love Got to Do with It
tt0108598	The Wrong Trousers
tt0109023	89mm od Europy (89mm from Europe)
tt0109045	The Adventures of Priscilla, Queen of the Desert
tt0109270	The Big Story
tt0109306	Blue Sky
tt0109308	Blues Highway
tt0109348	Bullets over Broadway
tt0109444	Clear and Present Danger
tt0109446	The Client
tt0109465	Complaints of a Dutiful Daughter
tt0109519	D-Day Remembered
tt0109707	Ed Wood
tt0109771	Farinelli: Il Castrato
tt0109830	Forrest Gump
tt0109831	Four Weddings and a Funeral
tt0109836	Mary Shelley's Frankenstein
tt0109839	Freedom on My Mind
tt0109934	A Great Day in Harlem
tt0110005	Heavenly Creatures
tt0110057	Hoop Dreams
tt0110148	Interview with the Vampire
tt0110183	The Janitor
tt0110216	Junior
tt0110239	Kangaroo Court
tt0110322	Legends of the Fall
tt0110357	The Lion King
tt0110367	Little Women
tt0110428	The Madness of King George
tt0110475	The Mask
tt0110478	Maverick
tt0110480	Maya Lin: A Strong Clear Vision
tt0110547	The Monk and the Fish
tt0110638	Nell
tt0110684	Nobody's Fool
tt0110726	On Hope
tt0110771	The Paper
tt0110781	Partners
tt0110877	The Postman (Il Postino)
tt0110880	Dust of Life
tt0110882	Before the Rain
tt0110912	Pulp Fiction
tt0110932	Quiz Show
tt0110963	Queen Margot
tt0111088	School of Assassins
tt0111161	The Shawshank Redemption
tt0111257	Speed
tt0111295	Straight from the Heart
tt0111338	Syrup
tt0111436	A Time for Justice
tt0111454	Tom & Viv
tt0111486	Trevor
tt0111489	Triangle
tt0111495	Red
tt0111503	True Lies
tt0111579	Burnt by the Sun
tt0111756	Wyatt Earp
tt0111797	Eat Drink Man Woman
tt0112346	The American President
tt0112365	Angels and Insects
tt0112373	Anne Frank Remembered
tt0112379	Antonia's Line
tt0112384	Apollo 13
tt0112431	Babe
tt0112462	Batman Forever
tt0112573	Braveheart
tt0112579	The Bridges of Madison County
tt0112584	Brooms
tt0112641	Casino
tt0112661	The Chicken from Outer Space
tt0112691	A Close Shave
tt0112740	Crimson Tide
tt0112818	Dead Man Walking
tt0112883	Don Juan DeMarco
tt0112910	Duke of Groove
tt0112917	The Dutch Master
tt0112958	the end
tt0113138	Gagarin
tt0113158	Georgia
tt0113254	Hank Aaron: Chasing the Dream
tt0113473	Jim Dine: A Self-Portrait on the Walls
tt0113627	Leaving Las Vegas
tt0113653	Lieberman in Love
tt0113670	A Little Princess
tt0113671	Little Surprises
tt0113676	The Living Sea
tt0113720	All Things Fair
tt0113819	Mighty Aphrodite
tt0113862	Mr. Holland's Opus
tt0113896	My Family, Mi Familia
tt0113963	Never Give Up: The 20th Century Odyssey of Herbert Zipper
tt0113987	Nixon
tt0114044	One Survivor Remembers
tt0114148	Pocahontas
tt0114212	O Quatrilho
tt0114272	Restoration
tt0114279	Richard III
tt0114287	Rob Roy
tt0114296	Roommates
tt0114308	Runaway Brain
tt0114319	Sabrina
tt0114369	Seven
tt0114388	Sense and Sensibility
tt0114405	The Shadow of Hate
tt0114709	Toy Story
tt0114742	Tuesday Morning Ride
tt0114746	12 Monkeys
tt0114798	Unstrung Heroes
tt0114808	The Star Maker
tt0114814	The Usual Suspects
tt0114898	Waterworld
tt0115012	Shanghai Triad
tt0115634	The Battle over Citizen Kane
tt0115685	The Birdcage
tt0115751	Breaking the Waves
tt0115753	Breathing Lessons: The Life and Work of Mark O'Brien
tt0115817	Canhead
tt0115952	Cosmic Voyage
tt0115988	The Crucible
tt0116040	Daylight
tt0116044	De Tripas, Corazon
tt0116058	Dear Diary
tt0116136	Dragonheart
tt0116191	Emma
tt0116209	The English Patient
tt0116213	Eraser
tt0116214	Ernst & Lyset
tt0116233	Esposados
tt0116234	An Essay on Matisse
tt0116250	Evita
tt0116282	Fargo
tt0116313	The First Wives Club
tt0116329	Fly Away Home
tt0116409	The Ghost and the Darkness
tt0116410	Ghosts of Mississippi
tt0116477	Hamlet
tt0116583	The Hunchback of Notre Dame
tt0116629	Independence Day
tt0116683	James and the Giant Peach
tt0116692	Beyond Silence
tt0116695	Jerry Maguire
tt0116754	Prisoner of the Mountains
tt0116790	Kolya
tt0116886	The Line King: The Al Hirschfeld Story
tt0116905	Lone Star
tt0116980	Mandela
tt0116999	Marvin's Room
tt0117039	Michael Collins
tt0117050	A Chef in Love
tt0117057	The Mirror Has Two Faces
tt0117218	The Nutty Professor
tt0117247	One Fine Day
tt0117318	The People vs. Larry Flynt
tt0117364	The Portrait of a Lady
tt0117372	The Preacher's Wife
tt0117381	Primal Fear
tt0117419	Quest
tt0117477	Ridicule
tt0117500	The Rock
tt0117509	William Shakespeare's Romeo & Juliet
tt0117542	La Salla
tt0117589	Secrets & Lies
tt0117631	Shine
tt0117665	Sleepers
tt0117666	Sling Blade
tt0117669	Fiddlefest--Roberta Tzavaras and Her East Harlem Violin Program
tt0117709	Special Effects
tt0117731	Star Trek: First Contact
tt0117793	Suzanne Farrell: Elusive Muse
tt0117817	The Other Side of Sunday
tt0117873	Tell the Truth and Run: George Seldes and the American Press
tt0117887	That Thing You Do!
tt0117951	Trainspotting
tt0117998	Twister
tt0118055	Up Close and Personal
tt0118123	Wat's Pig
tt0118147	When We Were Kings
tt0118167	The Wild Bunch: An Album in Montage
tt0118191	Wordless
tt0118540	4 Little Girls
tt0118564	Affliction
tt0118566	Afterglow
tt0118571	Air Force One
tt0118607	Amistad
tt0118617	Anastasia
tt0118632	The Apostle
tt0118662	Ayn Rand: A Sense of Life
tt0118749	Boogie Nights
tt0118798	Bulworth
tt0118799	Life Is Beautiful
tt0118849	Children of Heaven
tt0118880	Con Air
tt0118884	Contact
tt0118954	Deconstructing Harry
tt0119008	Donnie Brasco
tt0119094	Face/Off
tt0119116	The Fifth Element
tt0119164	The Full Monty
tt0119177	Gattaca
tt0119217	Good Will Hunting
tt0119280	Mrs. Brown
tt0119282	Hercules
tt0119314	The Horse Whisperer
tt0119360	In & Out
tt0119396	Jackie Brown
tt0119448	Character
tt0119485	Kundun
tt0119488	L.A. Confidential
tt0119561	The Long Way Home
tt0119567	The Lost World: Jurassic Park
tt0119654	Men in Black
tt0119738	My Best Friend's Wedding
tt0119815	Four Days in September
tt0119822	As Good as It Gets
tt0119843	Oscar and Lucinda
tt0119942	Primary Colors
tt0120090	Secrets of the Heart
tt0120201	Starship Troopers
tt0120255	The Sweet Hereafter
tt0120274	Tango
tt0120324	A Simple Plan
tt0120338	Titanic
tt0120363	Toy Story 2
tt0120382	The Truman Show
tt0120402	Ulee's Gold
tt0120472	Waco: The Rules of Engagement
tt0120520	The Wings of the Dove
tt0120586	American History X
tt0120591	Armageddon
tt0120595	Babe: Pig in the City
tt0120601	Being John Malkovich
tt0120603	Beloved
tt0120616	The Mummy
tt0120623	A Bug's Life
tt0120633	A Civil Action
tt0120679	Frida
tt0120684	Gods and Monsters
tt0120689	The Green Mile
tt0120737	The Lord of the Rings: The Fellowship of the Ring
tt0120746	The Mask of Zorro
tt0120751	Mighty Joe Young
tt0120762	Mulan
tt0120776	One True Thing
tt0120780	Out of Sight
tt0120789	Pleasantville
tt0120794	The Prince of Egypt
tt0120800	Quest for Camelot
tt0120802	The Red Violin
tt0120815	Saving Private Ryan
tt0120834	Snow Falling on Cedars
tt0120855	Tarzan
tt0120863	The Thin Red Line
tt0120866	Titus
tt0120879	Velvet Goldmine
tt0120885	Wag the Dog
tt0120889	What Dreams May Come
tt0120915	Star Wars Episode I: The Phantom Menace
tt0120917	The Emperor's New Groove
tt0121164	Tim Burton's Corpse Bride
tt0121293	A Force in Readiness
tt0121453	Kukan
tt0121765	Star Wars Episode II Attack of the Clones
tt0121766	Star Wars: Episode III Revenge of the Sith
tt0121791	Target for Tonight
tt0123964	Life
tt0124207	The Thief
tt0124315	The Cider House Rules
tt0126029	Shrek
tt0126249	Colors Straight Up
tt0126886	Election
tt0127536	Elizabeth
tt0127710	La Vieille Dame et les Pigeons (The Old Lady and the Pigeons)
tt0129290	Patch Adams
tt0129918	Daughter of the Bride
tt0130445	Alaska: Spirit of the Wild
tt0130860	The Mermaid
tt0131409	Geri's Game
tt0133093	The Matrix
tt0133240	Treasure Planet
tt0134119	The Talented Mr. Ripley
tt0137523	Fight Club
tt0138097	Shakespeare in Love
tt0139193	The Farm: Angola, U.S.A.
tt0139612	Silent Village
tt0139654	Training Day
tt0140352	The Insider
tt0140803	Amazon
tt0140888	Central Station
tt0140934	Dance Lexie Dance
tt0141005	Famous Fred
tt0141401	It's Good to Talk
tt0141560	Redux Riding Hood
tt0141856	Still Kicking: The Fabulous Palm Springs Follies
tt0141858	A Story of Healing
tt0141868	Sweethearts?
tt0141926	U-571
tt0141963	Visas and Virtue
tt0141995	Wolfgang
tt0142655	The Merry Old Soul
tt0145487	Spider-Man
tt0145653	Angela's Ashes
tt0145660	Austin Powers: The Spy Who Shagged Me
tt0145781	For God and Country
tt0147004	Little Voice
tt0150915	Hilary and Jackie
tt0151568	Topsy-Turvy
tt0152771	Swing High
tt0153585	The Voice That Thrilled the World
tt0158302	Under the Sun
tt0158371	Sweet and Lowdown
tt0158983	South Park: Bigger, Longer & Uncut
tt0159365	Cold Mountain
tt0161023	Tumbleweeds
tt0161860	Nowhere in Africa
tt0162222	Cast Away
tt0162346	Ghost World
tt0162661	Sleepy Hollow
tt0164052	Hollow Man
tt0164912	Stuart Little
tt0166485	Anna and the King
tt0166813	Spirit: Stallion of the Cimarron
tt0166896	The Straight Story
tt0166924	Mulholland Drive
tt0166943	Music of the Heart
tt0167260	The Lord of the Rings: The Return of the King
tt0167261	The Lord of the Rings: The Two Towers
tt0167404	The Sixth Sense
tt0168629	Dancer in the Dark
tt0169102	Lagaan
tt0169547	American Beauty
tt0170016	Dr. Seuss' How the Grinch Stole Christmas
tt0171804	Boys Don't Cry
tt0172396	The End of the Affair
tt0172493	Girl, Interrupted
tt0172495	Gladiator
tt0174852	The Last Days
tt0174856	The Hurricane
tt0175550	Dancemaker
tt0175844	Lenny Bruce: Swear to Tell the Truth
tt0175880	Magnolia
tt0176018	The Personals: Improvisations on Romance in the Golden Years
tt0176415	The Grandfather
tt0177023	My Mother Dreams the Satan's Disciples in New York
tt0177971	The Perfect Storm
tt0179011	Bunny
tt0180073	Quills
tt0180093	Requiem for a Dream
tt0181530	East-West
tt0181689	Minority Report
tt0181733	On the Ropes
tt0181786	Regret to Inform
tt0181830	Solomon and Gaenor
tt0181835	Speaking in Strings
tt0181865	Traffic
tt0181875	Almost Famous
tt0182014	Copy Shop
tt0182789	Bicentennial Man
tt0183659	Pollock
tt0185014	Wonder Boys
tt0185125	All about My Mother
tt0185261	Day of Battle
tt0186508	Buena Vista Social Club
tt0186566	Space Cowboys
tt0187393	The Patriot
tt0187859	Genghis Blues
tt0188028	Legacy
tt0188478	The Canterbury Tales
tt0188485	La Carte Postale (The Postcard)
tt0188533	Culture
tt0188667	Holiday Romance
tt0188723	Jolly Roger
tt0188913	More
tt0189009	A Place in the Land
tt0189121	Sunrise over Tiananmen Square
tt0189179	Election Night (Valgaften)
tt0189186	Victor
tt0189205	When Life Departs
tt0189998	Shadow of the Vampire
tt0190332	Crouching Tiger, Hidden Dragon
tt0190590	O Brother, Where Art Thou?
tt0190861	Vatel
tt0191850	Bror, Min Bror (Teis and Nico)
tt0192145	Humdrum
tt0195685	Erin Brockovich
tt0198781	Monsters, Inc.
tt0200282	When the Day Breaks
tt0200780	Kleingeld (Small Change)
tt0203009	Moulin Rouge
tt0203119	Sexy Beast
tt0203230	You Can Count on Me
tt0206312	Special Delivery
tt0206634	Children of Men
tt0207112	A Soccer Story (Uma Historia de Futebol)
tt0207639	The Old Man and the Sea
tt0208874	The Contender
tt0209037	Everybody Famous!
tt0209144	Memento
tt0209958	The Cell
tt0210727	Caravan
tt0210853	My Grandmother Ironed the King's Shirts
tt0211181	102 Dalmatians
tt0211915	Amélie
tt0212338	Meet the Parents
tt0212720	A.I. Artificial Intelligence
tt0213149	Pearl Harbor
tt0213847	Malèna
tt0216131	Quiero Ser (I want to be...)
tt0216787	The Taste of Others
tt0217505	Gangs of New York
tt0222675	the accountant
tt0230591	One Day in September
tt0234288	Divided We Fall
tt0234588	Rejected
tt0236386	Killing Joe
tt0236447	Long Night's Journey into Day
tt0239206	3 Misses
tt0239379	Eyewitness
tt0239528	King Gimp
tt0239583	Major and Minor Miracles
tt0239797	The Periwig-Maker
tt0240200	Water
tt0240216	The Wildest Show in the South: The Angola Prison Rodeo
tt0240885	Scottsboro: An American Tragedy
tt0240912	Sound and Fury
tt0241303	Chocolat
tt0241527	Harry Potter and the Sorcerer's Stone
tt0242252	The Affair of the Necklace
tt0243133	The Man Who Wasn't There
tt0243155	Bridget Jones's Diary
tt0245157	Zus & Zo
tt0245429	Spirited Away
tt0245574	Y Tu Mamá También
tt0245712	Amores Perros
tt0247196	Before Night Falls
tt0247425	In the Bedroom
tt0248667	Ali
tt0248808	For the Birds
tt0248912	Into the Arms of Strangers: Stories of the Kindertransport
tt0249462	Billy Elliot
tt0250797	Unfaithful
tt0253474	The Pianist
tt0254621	On Tiptoe: Gentle Steps to Freedom
tt0257044	Road to Perdition
tt0257360	About Schmidt
tt0258068	The Quiet American
tt0259446	My Big Fat Greek Wedding
tt0259711	Vanilla Sky
tt0262758	Seraglio
tt0263278	Dolphins
tt0264464	Catch Me If You Can
tt0264476	Children Underground
tt0265086	Black Hawk Down
tt0265666	The Royal Tenenbaums
tt0266543	Finding Nemo
tt0268126	Adaptation
tt0268380	Ice Age
tt0268397	Jimmy Neutron: Boy Genius
tt0268695	The Time Machine
tt0268978	A Beautiful Mind
tt0269658	One Day Crossing
tt0269899	Speed for Thespians
tt0271628	The Man on Lincoln's Nose
tt0274558	The Hours
tt0274622	LaLee's Kin: The Legacy of Cotton
tt0275847	Lilo & Stitch
tt0276472	Scratch-As-Catch-Can
tt0276751	About a Boy
tt0277027	I Am Sam
tt0278378	By Courier
tt0279064	Elling
tt0279079	Father and Daughter
tt0280353	Big Mama
tt0280580	Curtain Call
tt0280707	Gosford Park
tt0280778	Iris
tt0281850	Fait D'Hiver
tt0282120	The Wild Thornberrys Movie
tt0282864	Promises
tt0283509	No Man's Land
tt0285742	Monster's Ball
tt0286244	The Triplets of Belleville
tt0287467	Talk to Her
tt0288330	Zelary
tt0289073	Artists and Orphans: A True Drama
tt0292542	Son of the Bride
tt0293508	The Phantom of the Opera
tt0296874	Strange Invaders
tt0297884	Far from Heaven
tt0298148	Shrek 2
tt0298203	8 Mile
tt0298228	Whale Rider
tt0298845	In America
tt0299178	Thoth
tt0299658	Chicago
tt0299977	Hero
tt0301199	Dirty Pretty Things
tt0301727	Winged Migration
tt0303281	Daughter from Danang
tt0303336	Fifty Percent Grey
tt0303350	Inja (Dog)
tt0304107	Gregor's Greatest Invention
tt0304141	Harry Potter and the Prisoner of Azkaban
tt0304394	A Man Thing (Meska Sprawa)
tt0304858	Two Soldiers
tt0305206	American Splendor
tt0307197	Murder on a Sunday Morning
tt0307453	Shark Tale
tt0308317	Give Up Yer Aul Sins
tt0308644	Finding Neverland
tt0308899	Sing!
tt0309061	War Photographer
tt0309121	Stubble Trouble
tt0310281	A Mighty Wind
tt0310793	Bowling for Columbine
tt0311113	Master and Commander: The Far Side of the World
tt0311519	The Man without a Past
tt0311648	Pieces of April
tt0312004	Wallace & Gromit in The Curse of the Were-Rabbit
tt0313196	El Crimen del Padre Amaro
tt0315733	21 Grams
tt0315983	House of Sand and Fog
tt0316013	Prisoner of Paradise
tt0316654	Spider-Man 2
tt0317219	Cars
tt0317248	City of God
tt0317705	The Incredibles
tt0317910	The Fog of War
tt0318374	The Cooler
tt0318462	The Motorcycle Diaries
tt0319061	Big Fish
tt0321376	Balseros
tt0322674	Twin Sisters
tt0323250	Mike's New Car
tt0323844	Die Rote Jacke (The Red Jacket)
tt0325193	The Collector of Bedford Street
tt0325638	I'll Wait for the Next One... (J'Attendrai Le Suivant...)
tt0325710	The Last Samurai
tt0325980	Pirates of the Caribbean: The Curse of the Black Pearl
tt0327056	Mystic River
tt0327597	Coraline
tt0328538	Thirteen
tt0328880	Brother Bear
tt0329245	Johnny Flynton
tt0329575	Seabiscuit
tt0330373	Harry Potter and the Goblet of Fire
tt0330801	Das Rad
tt0331218	The ChubbChubbs!
tt0332452	Troy
tt0334405	Spellbound
tt0335119	Girl with a Pearl Earring
tt0335266	Lost in Translation
tt0335345	The Passion of the Christ
tt0337741	Something's Gotta Give
tt0338013	Eternal Sunshine of the Spotless Mind
tt0338135	The Barbarian Invasions
tt0338309	Evil
tt0338348	The Polar Express
tt0338751	The Aviator
tt0339291	Lemony Snicket's A Series of Unfortunate Events
tt0340012	Being Julia
tt0340071	This Charming Man (Der Er En Yndig Mand)
tt0340855	Monster
tt0341588	Squash
tt0342147	Double or Nothing
tt0342172	Capturing the Friedmans
tt0342965	Gone Nutty
tt0343121	Tupac: Resurrection
tt0343168	The Weather Underground
tt0343737	The Good Shepherd
tt0343818	I, Robot
tt0344503	Twin Towers
tt0344510	A Very Long Engagement
tt0344563	Why Can't We Be a Family Again?
tt0345672	Most (The Bridge)
tt0347149	Howl's Moving Castle
tt0348150	Superman Returns
tt0350258	Ray
tt0350476	(A) Torzija [(A) Torsion]
tt0351167	The Cathedral
tt0351382	Mt. Head
tt0351817	The Twilight Samurai
tt0352248	Cinderella Man
tt0353737	Mighty Times: The Legacy of Rosa Parks
tt0358273	Walk the Line
tt0360717	King Kong
tt0361748	Inglourious Basterds
tt0362269	Kinsey
tt0363163	Downfall
tt0363445	Asylum
tt0363607	Ferry Tales
tt0363771	The Chronicles of Narnia: The Lion, the Witch and the Wardrobe
tt0365737	Syriana
tt0366548	Happy Feet
tt0367089	The Squid and the Whale
tt0367594	Charlie and the Chocolate Factory
tt0368447	The Village
tt0368794	I'm Not There
tt0369339	Collateral
tt0369702	The Sea Inside
tt0371746	Iron Man
tt0372784	Batman Begins
tt0372824	The Chorus (Les Choristes)
tt0373175	My Architect
tt0373861	The Story of the Weeping Camel
tt0375063	Sideways
tt0375679	Crash
tt0376541	Closer
tt0377770	Destino
tt0379725	Capote
tt0380510	The Lovely Bones
tt0381681	Before Sunset
tt0381849	3:10 to Yuma
tt0382330	As It Is in Heaven
tt0382734	Harvie Krumpet
tt0382932	Ratatouille
tt0383574	Pirates of the Caribbean: Dead Man's Chest
tt0383694	Vera Drake
tt0385004	House of Flying Daggers
tt0385752	The Golden Compass
tt0385880	Monster House
tt0386032	Sicko
tt0387131	The Constant Gardener
tt0387877	The Black Dahlia
tt0388534	Wasp
tt0388789	Born into Brothels
tt0388795	Brokeback Mountain
tt0389860	Click
tt0390221	Maria Full of Grace
tt0390521	Super Size Me
tt0390579	Two Cars, One Night
tt0392542	Nibbles
tt0395169	Hotel Rwanda
tt0395479	Boundin'
tt0395972	North Country
tt0396959	Chernobyl Heart
tt0397535	Memoirs of a Geisha
tt0397892	Bolt
tt0398286	Tangled
tt0399146	A History of Violence
tt0401383	The Diving Bell and the Butterfly
tt0402399	The New World
tt0404203	Little Children
tt0405094	The Lives of Others
tt0405159	Million Dollar Baby
tt0406501	7:35 in the Morning (7:35 de la Mañana)
tt0407265	Transamerica
tt0407304	War of the Worlds
tt0407887	The Departed
tt0408236	Sweeney Todd The Demon Barber of Fleet Street
tt0408306	Munich
tt0409182	Poseidon
tt0409799	Cashback
tt0410097	Hustle & Flow
tt0411477	Hellboy II: The Golden Army
tt0412936	Lorenzo
tt0413015	Mrs. Henderson Presents
tt0414055	Elizabeth: The Golden Age
tt0414387	Pride & Prejudice
tt0414469	Ryan
tt0416044	Mongol
tt0416320	Match Point
tt0417741	Harry Potter and the Half-Blood Prince
tt0418279	Transformers
tt0418689	Flags of Our Fathers
tt0418773	Junebug
tt0419279	Yesterday
tt0419887	The Kite Runner
tt0420195	Sister Rose's Passion
tt0421715	The Curious Case of Benjamin Button
tt0422720	Marie Antoinette
tt0423294	Surf's Up
tt0424024	Darwin's Nightmare
tt0424205	Joyeux Noël
tt0425200	Little Terrorist
tt0425458	Six Shooter
tt0426578	Sophie Scholl - The Final Days
tt0426931	August Rush
tt0427617	Our Time Is Up
tt0428803	March of the Penguins
tt0430159	Guard Dog
tt0432283	Fantastic Mr. Fox
tt0433035	Real Steel
tt0433383	Good Night, and Good Luck.
tt0435761	Toy Story 3
tt0435933	Birthday Boy
tt0436120	Bismarck Convoy Smashed
tt0436613	Murderball
tt0436697	The Queen
tt0436857	Twist of Faith
tt0438064	Gopher Broke
tt0438575	West Bank Story
tt0439676	The Death of Kevin Carter: Casualty of the Bang Bang Club
tt0440963	The Bourne Ultimatum
tt0441773	Kung Fu Panda
tt0441909	Volver
tt0442001	Binta and the Great Idea (Binta Y La Gran Idea)
tt0442947	The Children of Leningradsky
tt0443272	Lincoln
tt0443424	9
tt0443434	Autism Is a World
tt0443446	Don't Tell
tt0443453	Borat Cultural Learnings of America for Make Benefit Glorious Nation of Kazakhstan
tt0443489	Dreamgirls
tt0443499	Everything in This Country Must
tt0443531	Hardwood
tt0443543	The Illusionist
tt0443587	Mighty Times: The Children's March
tt0443680	The Assassination of Jesse James by the Coward Robert Ford
tt0444182	Days of Glory (Indigènes)
tt0445620	Paradise Now
tt0445922	Across the Universe
tt0448694	Puss in Boots
tt0449059	Little Miss Sunshine
tt0449088	Pirates of the Caribbean: At World's End
tt0449467	Babel
tt0449619	The Moon and the Son: An Imagined Conversation
tt0450188	La Vie en Rose
tt0450259	Blood Diamond
tt0452139	Ausreisser (The Runaway)
tt0452623	Gone Baby Gone
tt0452624	The Good German
tt0454876	Life of Pi
tt0454921	The Pursuit of Happyness
tt0455590	The Last King of Scotland
tt0455824	Australia
tt0455912	Badgered
tt0457430	Pan's Labyrinth
tt0457496	Street Fight
tt0457655	After the Wedding
tt0458352	The Devil Wears Prada
tt0460616	Éramos Pocos (One Too Many)
tt0461770	Enchanted
tt0461847	The Last Farm
tt0465538	Michael Clayton
tt0465551	Notes on a Scandal
tt0467406	Juno
tt0467485	The Saviour
tt0468489	Half Nelson
tt0468565	Tsotsi
tt0468569	The Dark Knight
tt0469146	The Mysterious Geographic Explorations of Jasper Morello
tt0469494	There Will Be Blood
tt0470752	Ex Machina
tt0472043	Apocalypto
tt0472062	Charlie Wilson's War
tt0473444	Curse of the Golden Flower
tt0475276	United 93
tt0475290	Hail, Caesar!
tt0477051	Norbit
tt0477080	Unstoppable
tt0477302	Extremely Loud & Incredibly Close
tt0477348	No Country for Old Men
tt0478134	In the Valley of Elah
tt0478304	The Tree of Life
tt0479113	One Man Band
tt0480247	God Sleeps in Rwanda
tt0481499	The Croods
tt0482571	The Prestige
tt0485601	The Secret of Kells
tt0486358	Jesus Camp
tt0488478	12
tt0489327	Venus
tt0489342	Which Way Home
tt0490215	Silence
tt0491747	Away from Her
tt0491795	A Note of Triumph: The Golden Age of Norman Corwin
tt0492466	Iraq in Fragments
tt0493464	Wanted
tt0497116	An Inconvenient Truth
tt0497465	Vicky Cristina Barcelona
tt0498380	Letters from Iwo Jima
tt0499549	Avatar
tt0758732	Beaufort
tt0758758	Into the Wild
tt0762119	The Mushroom Club
tt0765429	American Gangster
tt0765432	The Baader Meinhof Complex
tt0765443	Eastern Promises
tt0775489	The Illusionist
tt0775529	The Savages
tt0780504	Drive
tt0780521	The Princess and the Frog
tt0780536	In Bruges
tt0780653	The Wolfman
tt0783233	Atonement
tt0787474	The Boxtrolls
tt0790636	Dallas Buyers Club
tt0790712	The Messenger
tt0796366	Star Trek
tt0805564	Lars and the Real Girl
tt0808417	Persepolis
tt0810784	Bright Star
tt0810819	The Danish Girl
tt0812387	Tanghi Argentini
tt0813547	The Counterfeiters
tt0814075	Deliver Us from Evil
tt0816442	The Book Thief
tt0816562	The Little Matchgirl
tt0816692	Interstellar
tt0820971	Le Mozart des Pickpockets (The Mozart of Pickpockets)
tt0824747	Changeling
tt0824758	The Last Station
tt0840361	The Town
tt0841160	Sari's Mother
tt0842926	The Kids Are All Right
tt0848228	Marvel's The Avengers
tt0854678	Taxi to the Dark Side
tt0857191	The Visitor
tt0857321	Let My People Go
tt0859595	The Blood of Yingzhou District
tt0859631	Recycled Life
tt0863136	Peter & the Wolf
tt0864761	The Duchess
tt0870111	Frost/Nixon
tt0874952	My Love (Moya Lyubov)
tt0875034	Nine
tt0878804	The Blind Side
tt0879843	Katyn
tt0887912	The Hurt Locker
tt0892769	How to Train Your Dragon
tt0902999	No Time for Nuts
tt0903624	The Hobbit: An Unexpected Journey
tt0907657	Once
tt0910970	WALL-E
tt0912593	No End in Sight
tt0912599	War/Dance
tt0914369	Freeheld
tt0918927	Doubt
tt0922627	Il Supplente (The Substitute)
tt0926084	Harry Potter and the Deathly Hallows Part 1
tt0929632	Precious: Based on the Novel 'Push' by Sapphire
tt0933357	The Danish Poet
tt0935075	Rabbit Hole
tt0942385	Tropic Thunder
tt0944835	Salt
tt0945571	Lifted
tt0947798	Black Swan
tt0948535	Paris 36
tt0951144	Maestro
tt0951151	Two Hands
tt0955271	Helmer & Son
tt0959337	Revolutionary Road
tt0962736	The Young Victoria
tt0964517	The Fighter
tt0970179	Hugo
tt0970184	Operation Homecoming: Writing the Wartime Experience
tt0975645	Hitchcock
tt0976051	The Reader
tt0978759	Frozen River
tt0982919	Rehearsing a Dream
tt0983193	The Adventures of Tintin
tt0983242	Lavatory - Lovestory
tt0988045	Sherlock Holmes
tt0993846	The Wolf of Wall Street
tt10009148	St. Louis Superman
tt1007029	The Iron Lady
tt10095582	The Tragedy of Macbeth
tt1010048	Slumdog Millionaire
tt10126634	Servant of a Nation
tt10126676	We've Come a Long, Long Way
tt1013753	Milk
tt1014759	Alice in Wonderland
tt1016150	All Quiet on the Western Front
tt1016268	Enron: The Smartest Guys in the Room
tt10182854	Walk Run Cha-Cha
tt10189300	Lunana: A Yak in the Classroom
tt10192406	Causeway
tt1019452	A Serious Man
tt10196414	Cutting through Rocks
tt10199590	Les Misérables
tt1020072	Selma
tt1023114	The Way Back
tt1023490	Il Divo
tt10236164	The Girl with the Needle
tt1024648	Argo
tt10272386	The Father
tt10288566	Another Round
tt10293406	The Power of the Dog
tt1029440	Madame Tutli-Putli
tt1033575	The Descendants
tt1034303	Defiance
tt10344522	Four Good Days
tt10346066	Letter to a Pig
tt1035736	Coco before Chanel
tt10360862	The Man Who Sold His Skin
tt10366460	CODA
tt10370710	The Worst Person in the World
tt10397932	Learning to Skateboard in a Warzone (If You're a Girl)
tt1045658	Silver Linings Playbook
tt1045670	Happy-Go-Lucky
tt1049413	Up
tt10499942	Memorable
tt10514222	Ma Rainey's Black Bottom
tt10538710	White Eye
tt10539608	The Midnight Sky
tt1054606	The Imaginarium of Doctor Parnassus
tt1055369	Transformers: Revenge of the Fallen
tt1057500	Invictus
tt10612922	One Night in Miami...
tt10618286	Mank
tt10627584	The Life Ahead (La Vita Davanti a Se)
tt10633456	Minari
tt10640346	Babylon
tt1065073	Boyhood
tt1066329	Même les Pigeons Vont au Paradis (Even Pigeons Go to Heaven)
tt1068646	The Class
tt1069238	Departures
tt10706602	Collective
tt1070874	The Trial of the Chicago 7
tt1074638	Skyfall
tt1077262	Ajami
tt1084950	Rachel Getting Married
tt10872600	Spider-Man: No Way Home
tt1091191	Lone Survivor
tt10923134	Dcera (Daughter)
tt1093824	Encounters at the End of the World
tt1095191	New Boy
tt1100089	Foxcatcher
tt11020596	Ninety-Five Senses
tt1104001	Tron: Legacy
tt11161474	Pieces of a Woman
tt1117985	At Night
tt1118511	A Matter of Loaf and Death
tt1120985	Blue Valentine
tt11214558	The Smashing Machine
tt11214590	House of Gucci
tt1124035	The Ides of March
tt1125849	The Wrestler
tt11271038	Licorice Pizza
tt11286314	Don't Look Up
tt11332850	Robin Robin
tt1135503	Julie & Julia
tt1136608	District 9
tt11383280	Please Hold
tt11389872	Kingdom of the Planet of the Apes
tt11394200	Welcome to Chechnya
tt11394298	The Mole Agent
tt11416746	Time
tt11421246	Saria
tt11422728	Summer of Soul (...Or, When the Revolution Could Not Be Televised)
tt1142977	Frankenweenie
tt11474480	The Present
tt1149362	The White Ribbon
tt1149405	Trouble the Water
tt11512676	Do Not Split
tt1155592	Man on Wire
tt11563598	A Complete Unknown
tt11564570	Glass Onion: A Knives Out Mystery
tt1156511	I Met the Walrus
tt1157626	La Corona (The Crown)
tt1157685	The Betrayal (Nerakhoon)
tt1157707	Salim Baba
tt1160419	Dune
tt11643154	Colette
tt1164999	Biutiful
tt1170358	The Hobbit: The Desolation of Smaug
tt1173745	Revanche
tt1174732	An Education
tt1176466	The Tonto Woman
tt11768948	If Anything Happens I Love You
tt11813216	The Banshees of Inisherin
tt1185616	Waltz with Bashir
tt11858890	The Creator
tt1186020	Manon on the Asphalt
tt11884670	Genius Loci
tt11924384	The Long Goodbye
tt1192628	Rango
tt1193138	Up in the Air
tt11962160	The Letter Room
tt1200263	The Color Purple
tt1201607	Harry Potter and the Deathly Hallows Part 2
tt1204342	The Muppets
tt1206488	The Milk of Sorrow
tt1210166	Moneyball
tt1210819	The Lone Ranger
tt1211837	Doctor Strange
tt1212419	Hereafter
tt1213641	First Man
tt1217209	Brave
tt1219675	Auf der Strecke (On the Line)
tt1226236	I Am Love
tt1226774	In the Loop
tt1228705	Iron Man 2
tt1229381	Outside the Law (Hors-la-loi)
tt1229822	Jane Eyre
tt12299764	The Dress
tt12300742	Bugonia
tt1235166	A Prophet
tt1235830	Chico & Rita
tt1245104	Presto
tt12482898	Attica
tt1252486	The Garden
tt12536294	Spencer
tt1255953	Incendies
tt12566792	Night Ride
tt12618926	Parallel Mothers
tt1262426	Wicked
tt1263670	Crazy Heart
tt12680684	The Hand of God
tt1268204	Waste Land
tt12706728	Yes-People
tt1274300	The Tempest
tt1276419	A Royal Affair
tt12771540	Audible
tt12789558	Belfast
tt1279499	This Way Up
tt12801262	Luca
tt1280548	Spielzeugland (Toyland)
tt1285016	The Social Network
tt1286537	Food, Inc.
tt12888462	My Octopus Teacher
tt12889404	Cyrano
tt1291584	Warrior
tt12979636	Hunger Ward
tt1300854	Iron Man 3
tt1302006	The Irishman
tt1302011	Kung Fu Panda 2
tt1305806	The Secret in Their Eyes
tt1312221	Frankenstein
tt1313092	Animal Kingdom
tt1313104	The Cove
tt13143964	Borat Subsequent Moviefilm: Delivery of Prodigious Bribe to American Regime for Make Benefit Once Glorious Nation of Kazakhstan
tt1315981	A Single Man
tt13167288	Burrow
tt1318514	Rise of the Planet of the Apes
tt1319726	The Most Dangerous Man in America: Daniel Ellsberg and the Pentagon Papers
tt1322269	August: Osage County
tt1323520	French Roast
tt13238346	Past Lives
tt1323941	Oktapodi
tt13287846	Napoleon
tt1333634	Burma VJ
tt1333640	The Pig
tt1337354	Miracle Fish
tt1340107	In a Better World
tt1340800	Tinker Tailor Soldier Spy
tt13429870	Robot Dreams
tt1343092	The Great Gatsby
tt13472984	Two Distant Strangers
tt1351684	Instead of Abracadabra
tt1355644	Passengers
tt1360057	The Conscience of Nhem En
tt1360061	The Final Inch
tt1360065	Smile Pinki
tt1360068	The Witness - From the Balcony of Room 306
tt1361566	La Maison en Petits Cubes
tt13630174	Writing with Fire
tt13651794	May December
tt13669038	Women Talking
tt1375666	Inception
tt1379182	Dogtooth
tt13793326	A Concerto Is a Conversation
tt13796488	When We Were Bullies
tt1381557	The Door
tt1382454	Granny O'Grimm's Sleeping Beauty
tt13833688	The Whale
tt1386697	Suicide Squad
tt1392190	Mad Max: Fury Road
tt1392214	Prisoners
tt1398426	Straight Outta Compton
tt1399103	Transformers: Dark of the Moon
tt1399573	Kavi
tt1399683	Winter's Bone
tt1403865	True Grit
tt14039582	Drive My Car
tt14039636	Opera
tt1408101	Star Trek Into Darkness
tt1410281	Rabbit à la Berlin
tt14160834	Rustin
tt1417075	In Darkness
tt14176542	Bardo, False Chronicle of a Handful of Truths
tt14205554	KPop Demon Hunters
tt14208870	The Fabelmans
tt14225838	Io Capitano
tt14230458	Poor Things
tt1423894	Barney's Version
tt14260836	Better Man
tt14293560	Affairs of the Art
tt1430626	The Pirates! Band of Misfits
tt1430809	China's Unnatural Disaster: The Tears of Sichuan Province
tt1431181	Another Year
tt1436562	Rio
tt14402146	Empire of Light
tt1440266	Pina
tt14444726	Tár
tt14452174	Soundtrack to a Coup d'Etat
tt14454876	Golda
tt1445520	Footnote
tt1446714	Prometheus
tt14505430	Ascension
tt14513236	The Queen of Basketball
tt1454029	The Help
tt1454468	Gravity
tt14588692	Diane Warren: Relentless
tt14608922	Three Songs for Benazir
tt1461418	The Gruffalo
tt14625872	An Irish Goodbye
tt1462764	Indiana Jones and the Dial of Destiny
tt1462900	The Grandmaster
tt1470652	Let's Pollute
tt1478338	Bridesmaids
tt14825950	Bestia
tt14825972	Boxballet
tt14849194	The Holdovers
tt1485796	The Greatest Showman
tt1487120	The Last Truck: Closing of a GM Plant
tt14883538	Arco
tt1488589	Guillermo del Toro's Pinocchio
tt1490017	The Lego Movie
tt14905854	Hamnet
tt14961016	I'm Still Here
tt15026956	How Do You Measure a Year?
tt1504320	The King's Speech
tt1505384	Poster Girl
tt1509756	The Crush
tt15109082	The Quiet Girl
tt1517268	Barbie
tt1517451	A Star Is Born
tt1518330	Wish 143
tt1520428	The New Tenants
tt1521197	Anonymous
tt1523317	The Lady and the Reaper (La Dama y la Muerte)
tt15239678	Dune: Part Two
tt15289736	On My Mind
tt15301048	Argentina, 1985
tt1532503	Beginners
tt15339456	Marcel the Shell with Shoes On
tt15339848	Lead Me Home
tt1534484	Pan
tt1534853	The Last Campaign of Governor Booth Gardner
tt1535109	Captain Phillips
tt1536048	W.E.
tt1537906	Task Force
tt15398776	Oppenheimer
tt1542344	127 Hours
tt1543539	Music by Prudence
tt1554091	A Better Life
tt1555064	Country Strong
tt1558250	Gasland
tt1559549	Restrepo
tt1560747	The Master
tt1563725	Logorama
tt1568346	The Girl with the Dragon Tattoo
tt1568911	War Horse
tt15789038	Elemental
tt1579361	Chasing Ice
tt15802124	The Last Ranger
tt1587310	Maleficent
tt1587707	Exit through the Gift Shop
tt1590114	Madagascar, carnet de voyage (Madagascar, a Journey Diary)
tt1596363	The Big Short
tt1602098	Albert Nobbs
tt1602620	Amour
tt1605783	Midnight in Paris
tt1613750	Kon-Tiki
tt1614420	Troublesome Creek: A Midwestern
tt1615147	Margin Call
tt1618448	Racing Extinction
tt1619029	Jackie
tt1620446	Day & Night
tt1621975	Sun Come Up
tt16227014	Fire of Love
tt1623288	ParaNorman
tt16277242	Society of the Snow
tt1630029	Avatar: The Way of Water
tt16311594	F1
tt1631323	God of Love
tt1637725	Ted
tt16377862	All That Breathes
tt16377920	A House Made of Splinters
tt16379454	The Martha Mitchell Effect
tt1645089	Inside Job
tt1646971	How to Train Your Dragon 2
tt1649419	The Impossible
tt1655389	Blonde
tt1655420	My Week with Marilyn
tt1655442	The Artist
tt1661199	Cinderella
tt1663202	The Revenant
tt1667353	Mirror Mirror
tt1669698	The Lost Thing
tt1673702	A Cat in Paris
tt1677720	Ready Player One
tt1679335	Trolls
tt1684897	Killing in the Name
tt1687903	The Confession
tt1690953	Despicable Me 2
tt16968450	The Wonderful Story of Henry Sugar
tt1700845	The Invisible Woman
tt17009710	Anatomy of a Fall
tt17041964	Navalny
tt1707386	Les Misérables
tt17162620	Haulout
tt17163970	Wallace & Gromit: Vengeance Most Fowl
tt1727824	Bohemian Rhapsody
tt1733689	Time Freak
tt1735898	Snow White and the Huntsman
tt1744887	The Warriors of Qiugang
tt1745960	Top Gun: Maverick
tt1746180	Incident in New Baghdad
tt1748043	Hell and Back Again
tt1748122	Moonrise Kingdom
tt17526714	The Substance
tt1754549	Strangers No More
tt1757678	Avatar: Fire and Ash
tt1764508	Na Wewe
tt17663790	My Year of Dicks
tt1772341	Wreck-It Ralph
tt1778342	The Fantastic Flying Books of Mr. Morris Lessmore
tt1781769	Anna Karenina
tt1787725	If a Tree Falls: A Story of the Earth Liberation Front
tt1790885	Zero Dark Thirty
tt1791528	Inherent Vice
tt1798709	Her
tt1800241	American Hustle
tt1809398	Unbroken
tt1816518	Ernest & Celestine
tt1819651	Raju
tt1820488	War Witch
tt1821549	Nebraska
tt1821593	Bullhead
tt1825683	Black Panther
tt1832382	A Separation
tt18382850	If I Had Legs I'd Kick You
tt18412256	Alien: Romulus
tt1843866	Captain America: The Winter Soldier
tt1844056	The Barber of Birmingham: Foot Soldier of the Civil Rights Movement
tt1847530	A Place to Live
tt1847681	Russian Soil
tt1853728	Django Unchained
tt1856101	Blade Runner 2049
tt1860355	Undefeated
tt1860357	Deepwater Horizon
tt1865505	Song of the Sea
tt1866218	Pentecost
tt1866249	The Sessions
tt1872194	The Judge
tt1877830	The Batman
tt1877832	X-Men: Days of Future Past
tt1895334	Dimanche/Sunday
tt1895587	Spotlight
tt1907668	Flight
tt19500164	Nimona
tt1950186	Ford v Ferrari
tt1957945	La Luna
tt1964446	A Morning Stroll
tt19652910	EO
tt19770238	Aftersun
tt19781688	Ice Merchants
tt1979376	Toy Story 4
tt1980929	Begin Again
tt19837932	I'm Not a Robot
tt1986769	Alone Yet Not Alone
tt1998355	The Voorman Problem
tt2004244	Henry
tt20115114	An Ostrich Told Me the World Is Fake and I Think I Believe It
tt2011971	Monsieur Lazhar
tt2013293	The Wind Rises
tt2015381	Guardians of the Galaxy
tt2017038	All Is Lost
tt20215234	Conclave
tt20215392	Le Pupille
tt20221436	Emilia Pérez
tt20240228	The Flying Sailor
tt2024519	The Broken Circle Breakdown
tt2024544	12 Years a Slave
tt2028530	Paradise Lost 3: Purgatory
tt2028578	The Tsunami and the Cherry Blossom
tt20316978	Elton John: Never Too Late
tt2042568	Inside Llewyn Davis
tt2049586	Glen Campbell...I'll Be Me
tt20519854	The Man Who Could Not Remain Silent
tt2059255	No
tt2061843	Tuba Atlantic
tt2066051	Rocketman
tt20784118	Stranger at the Gate
tt2080374	Steve Jobs
tt2083264	Mondays at Racine
tt2084970	The Imitation Game
tt20862526	Pachyderme
tt2088735	Curfew
tt2096673	Inside Out
tt2097943	Wild Life
tt2103281	Dawn of the Planet of the Apes
tt2106476	The Hunt
tt2109153	Kings Point
tt21097228	A Different Man
tt21103218	The Lost Bus
tt21113540	El Conde
tt2113681	The 100-Year-Old Man Who Climbed out the Window and Disappeared
tt2119532	Hacksaw Ridge
tt2120152	The Invisible War
tt2123210	Inocente
tt2124803	How to Survive a Plague
tt2125423	5 Broken Cameras
tt2125435	Beasts of the Southern Wild
tt2125608	Searching for Sugar Man
tt2133304	Buzkashi Boys
tt2136747	Asad
tt21374850	All the Beauty and the Bloodshed
tt21376900	Bobi Wine: The People's President
tt2140371	Saving Face
tt2140373	Saving Mr. Banks
tt2162565	Adam and Dog
tt21688772	To Kill a Tiger
tt2175842	Maggie Simpson in "The Longest Daycare"
tt2179136	American Sniper
tt2180411	Into the Woods
tt21823606	A Real Pain
tt2201259	The Shore
tt2201886	Redemption
tt22022452	Inside Out 2
tt22054902	Ivalu
tt2209418	Before Midnight
tt2210633	God Is the Bigger Elvis
tt2222042	Love and Monsters
tt2245084	Big Hero 6
tt2256646	Pitääkö Mun Kaikki Hoitaa? (Do I Have to Take Care of Everything?)
tt22667880	The Boy, the Mole, the Fox and the Horse
tt2267998	Gone Girl
tt22749100	Invincible
tt22763378	The Red Suitcase
tt2278388	The Grand Budapest Hotel
tt22893404	Maria
tt2294629	Frozen
tt2304771	Mandela: Long Walk to Freedom
tt2305051	Wild
tt23055660	Nickel Boys
tt2309788	The Gatekeepers
tt2309977	Fresh Guacamole
tt2310332	The Hobbit: The Battle of the Five Armies
tt2312702	Death of a Shadow (Dood van een Schaduw)
tt2321405	My Life as a Zucchini
tt2322441	Fifty Shades of Grey
tt2326094	Aya
tt2328900	Mary Queen of Scots
tt23289160	Godzilla Minus One
tt2334873	Blue Jasmine
tt2348322	Open Heart
tt2355540	Cutie and the Boxer
tt23561236	American Fiction
tt2358891	The Great Beauty
tt23628262	The Elephant Whisperers
tt2372213	Aquel No Era Yo (That Wasn't Me)
tt2375605	The Act of Killing
tt23770030	Memoir of a Snail
tt2379713	Spectre
tt2380307	Coco
tt2381111	Brooklyn
tt2382320	No Time to Die
tt2386490	How to Train Your Dragon: The Hidden World
tt2388725	Paperman
tt2391009	Head over Heels
tt2396566	20 Feet from Stardom
tt2396589	Mudbound
tt2401878	Anomalisa
tt2402927	Carol
tt24082438	20 Days in Mariupol
tt24082488	The Eternal Memory
tt2431286	Philomena
tt24458622	The Six Triple Eight
tt2446980	Joy
tt2473794	Mr. Turner
tt2484120	Room on the Broom
tt2486682	The Square
tt2488496	Star Wars: The Force Awakens
tt2499022	Feral
tt2516860	CaveDigger
tt2527336	Star Wars: The Last Jedi
tt2527338	Star Wars: The Rise of Skywalker
tt2532528	Dirty Wars
tt2543164	Arrival
tt2543472	Wonder
tt2551790	Karama Has No Walls
tt2562232	Birdman or (The Unexpected Virtue of Ignorance)
tt2576852	The Tale of the Princess Kaguya
tt2582782	Hell or High Water
tt2582802	Whiplash
tt2584384	Jojo Rabbit
tt2614378	The Labor Front
tt2614420	Land of My Mother
tt2620212	Water--Friend or Enemy
tt26218316	Nai Nai & Wài Pó
tt26443597	Zootopia 2
tt26581740	Weapons
tt26600054	Knight of Fortune
tt2660888	Star Trek Beyond
tt26612950	The Teachers' Lounge
tt2671706	Fences
tt2689992	Avant Que De Tout Perdre (Just before Losing Everything)
tt2714900	Finding Vivian Maier
tt2718492	Ida
tt2737050	Two Days, One Night
tt27502426	Four Daughters
tt27503384	Perfect Days
tt27654431	Anuja
tt27655666	A Lien
tt2771200	Beauty and the Beast
tt27714581	Sentimental Value
tt27759823	Red, White and Blue
tt2776636	Facing Fear
tt27847051	The Secret Agent
tt27990245	Incident
tt2802154	Leviathan
tt28058015	Our Uniform
tt28082769	September 5
tt28356173	Yuck!
tt28479262	Sing Sing
tt2852406	Omar
tt2852470	The Missing Picture
tt28532006	The After
tt28607951	Anora
tt28627868	The Barber of Little Rock
tt2870648	Amy
tt2872718	Nightcrawler
tt2872750	Shaun the Sheep Movie
tt28768679	Wander to Wonder
tt28768883	In the Shadow of the Cypress
tt28865980	American Symphony
tt29118186	The Last Repair Shop
tt2922078	Butter Lamp (La Lampe Au Beurre De Yak)
tt2924484	The Lady in Number 6: Music Saved My Life
tt29313285	Little Amélie or the Character of Rain
tt29344903	The Ugly Stepsister
tt2935510	Ad Astra
tt29361805	The ABCs of Book Banning
tt2948356	Zootopia
tt2948372	Soul
tt29497240	The Only Girl in the Orchestra
tt2953050	Encanto
tt29623480	The Wild Robot
tt2976354	Joanna
tt29768334	Train Dreams
tt29795707	WAR IS OVER! Inspired by the Music of John & Yoko
tt2980516	The Theory of Everything
tt2980764	Get a Horse!
tt2991224	Tangerines
tt3008010	Parvaneh
tt3011894	Wild Tales
tt30144839	One Battle after Another
tt30227076	Black Box Diaries
tt30294282	Porcelain War
tt30319854	Sugarcane
tt30343021	Song Sung Blue
tt3040964	The Jungle Book
tt3043542	Mr. Hublot
tt3044564	White Earth
tt30523942	Island in Between
tt3063516	Jackass Presents: Bad Grandpa
tt3069992	Our Curse
tt3071532	The Phone Call
tt3076658	Creed
tt3080074	Possessions
tt30835281	Beautiful Men
tt30953759	No Other Land
tt30970587	Butterfly
tt31036941	Jurassic World Rebirth
tt31171760	Jane Austen's Period Drama
tt31193180	Sinners
tt3125324	Beyond the Lights
tt3145026	Prison Terminal: The Last Days of Private Jack Hall
tt31556921	I Am Ready, Warden
tt3170832	Room
tt3170902	Theeb
tt3183630	Boy and the World
tt3183660	Fantastic Beasts and Where to Find Them
tt31888603	Magic Candies
tt3203606	Trumbo
tt32178949	The Seed of the Sacred Fig
tt32205767	Perfectly a Strangeness
tt3224458	A Beautiful Day in the Neighborhood
tt32280470	Instruments of a Beating Heart
tt3228774	Cruella
tt32298285	Sirāt
tt32536315	Blue Moon
tt3262342	Loving Vincent
tt3263904	Sully
tt3279124	Last Days in Vietnam
tt3281548	Little Women
tt32916440	Marty Supreme
tt3294916	Family Gathering
tt33019507	Retirement Plan
tt3312830	Youth
tt3315342	Logan
tt3316960	Still Alice
tt3326262	The Dam Keeper
tt33365259	Two People Exchanging Saliva
tt33385063	Death by Numbers
tt3346410	Helium
tt33508491	The Singers
tt3397884	Sicario
tt3398268	When Marnie Was There
tt3409392	Timbuktu
tt3411444	Ferdinand
tt34205548	The Devil Is Busy
tt3438472	The Reaper (La Parka)
tt3449252	Crisis Hotline: Veterans Press 1
tt3450958	War for the Planet of the Apes
tt3455224	Virunga
tt3460252	The Hateful Eight
tt3464902	The Lobster
tt34962891	The Perfect Neighbor
tt34965515	Mr. Nobody against Putin
tt34966013	Come See Me in the Good Light
tt3513548	Richard Jewell
tt3521126	The Disaster Artist
tt3521134	The Look of Silence
tt3521164	Moana
tt35231039	Kokuho
tt35307139	The Alabama Solution
tt3544082	45 Years
tt35489516	A Friend of Dorothy
tt35515733	Armed Only with a Camera: The Life and Death of Brent Renaud
tt3553976	Captain Fantastic
tt35676079	The Three Sisters
tt3581652	West Side Story
tt3595454	Viva Verdi!
tt3606756	Incredibles 2
tt3610188	The Bigger Picture
tt3612232	Boogaloo and Graham
tt3640424	Allied
tt36454323	Forevergreen
tt36491653	It Was Just an Accident
tt3652526	Fire at Sea
tt3659388	The Martian
tt3661394	The One and Only Ivan
tt3666024	The Red Turtle
tt3674140	The Salt of the Earth
tt3682448	Bridge of Spies
tt3689498	Feast
tt36943034	The Voice of Hind Rajab
tt36956820	The Girl Who Cried Pearls
tt3704428	Elvis
tt3716530	Elle
tt3731562	Kong: Skull Island
tt3741834	Lion
tt3748528	Rogue One: A Star Wars Story
tt3750872	The Wife
tt3778644	Solo: A Star Wars Story
tt37798645	All the Empty Rooms
tt3783958	La La Land
tt3808342	Son of Saul
tt3829254	Bear Story
tt3830162	A War
tt3838700	A Single Life
tt3841424	Land of Mine
tt38691874	Children No More: "Were and Are Gone"
tt3874544	The Boss Baby
tt3890160	Baby Driver
tt3896198	Guardians of the Galaxy Vol. 2
tt3901826	The Breadwinner
tt3915174	Puss in Boots: The Last Wish
tt3917210	Life, Animated
tt39232815	Butcher's Stain
tt3946086	Me and My Moulton
tt3965660	We Can't Live without Cosmos
tt3966404	Mustang
tt4034228	Manchester by the Sea
tt4044364	CitizenFour
tt4048272	Toni Erdmann
tt4080728	A Man Called Ove
tt4084844	Chau, beyond the Lines
tt4122886	Day One
tt4126304	Cartel Land
tt4136084	Florence Foster Jenkins
tt4154756	Avengers: Infinity War
tt4154796	Avengers: Endgame
tt4171032	World of Tomorrow
tt4172096	Last Day of Freedom
tt4172430	13 Hours: The Secret Soldiers of Benghazi
tt4185572	The Hunting Ground
tt4209788	Molly's Game
tt4239726	Tanna
tt4273570	Shok
tt4284010	What Happened, Miss Simone?
tt4285496	Embrace of the Serpent
tt4302938	Kubo and the Two Strings
tt4324518	Everything Will Be Okay (Alles Wird Gut)
tt4385888	20th Century Women
tt4419794	Ave Maria
tt4425258	My Country, My Country
tt4430002	Body Team 12
tt4457610	The Dutch Tradition
tt4520988	Frozen II
tt4550098	Nocturnal Animals
tt4555426	Darkest Hour
tt4566758	Mulan
tt4571288	Sing
tt4575576	Christopher Robin
tt4595882	Can You Ever Forgive Me?
tt4633694	Spider-Man: Into the Spider-Verse
tt4648786	Harriet
tt4661600	Sanjay's Super Team
tt4661660	La Femme et le TGV
tt4669986	Loving
tt4729430	Klaus
tt4772188	Flow
tt4777008	Maleficent: Mistress of Evil
tt4815426	Claude Lanzmann: Spectres of the Shoah
tt4817576	Stutterer
tt4846340	Hidden Figures
tt4874696	Borrowed Time
tt4900148	Elio
tt4908644	Winter on Fire: Ukraine's Fight for Freedom
tt4925292	Lady Bird
tt4955294	Prologue
tt4975722	Moonlight
tt4995540	Being the Ricardos
tt4995790	The Square
tt5013056	Dunkirk
tt5027774	Three Billboards outside Ebbing, Missouri
tt5028340	Mary Poppins Returns
tt5040012	Nosferatu
tt5052448	Get Out
tt5083738	The Favourite
tt5095260	Heaven Is a Traffic Jam on the 405
tt5104604	Isle of Dogs
tt5109280	Raya and the Last Dragon
tt5144072	A Girl in the River: The Price of Forgiveness
tt5151570	Mrs. Harris Goes to Paris
tt5186714	The Salesman
tt5198068	Wolfwalkers
tt5275892	O.J.: Made in America
tt5278466	Jim: The James Foley Story
tt5294550	All the Money in the World
tt5301662	Marshall
tt5302918	Nyad
tt5311542	Never Look Away
tt5358978	Pear Cider and Cigarettes
tt5363618	Sound of Metal
tt5462602	The Big Sick
tt5467670	Ennemis Intérieurs
tt5501104	Border
tt5535276	Maestro
tt5537002	Killers of the Flower Moon
tt5538078	Extremis
tt5559726	Blind Vaysha
tt5580036	I, Tonya
tt5580390	The Shape of Water
tt5598102	Faces Places
tt5599918	Pearl
tt5607714	On Body and Soul
tt5613056	Piper
tt5639178	Joe's Violin
tt5639354	A Fantastic Woman
tt5649144	The Florida Project
tt5699202	Timecode
tt5726616	Call Me by Your Name
tt5745110	Knife Skills
tt5776858	Phantom Thread
tt5804038	I Am Not Your Negro
tt5816682	Victoria & Abdul
tt5848272	Ralph Breaks the Internet
tt5850650	Tell It like a Woman
tt5873150	Strong Island
tt5895028	13th
tt5926890	DeKalb Elementary
tt5952382	Abacus: Small Enough to Jail
tt6000478	Roman J. Israel, Esq.
tt6016744	The Edge of Democracy
tt6023474	The Eleven O'Clock
tt6048922	Greyhound
tt6053438	First Reformed
tt6073176	The White Helmets
tt6105098	The Lion King
tt6155172	Roma
tt6186970	The Silent Child
tt6193408	A Shaun the Sheep Movie: Farmageddon
tt6195494	Watani: My Homeland
tt6212516	CARNE y ARENA
tt6264654	Free Guy
tt6266538	Vice
tt6267732	Lou
tt6279726	4.1 Miles
tt6294822	The Post
tt6304162	Loveless
tt6333060	Icarus
tt6333074	Last Men in Aleppo
tt6333422	Watu Wote/All of Us
tt6348138	Missing Link
tt6386210	Revolting Rhymes
tt6394270	Bombshell
tt6412452	The Ballad of Buster Scruggs
tt6426140	Garden Party
tt6460636	Silent Nights
tt6519356	Edith+Eddie
tt6543652	Cold War
tt6571548	The White Tiger
tt6587046	The Boy and the Heron
tt6597824	Mother
tt6598290	My Nephew Emmett
tt6634646	Hale County This Morning, This Evening
tt6644200	A Quiet Place
tt6699132	Life Line
tt6710474	Everything Everywhere All at Once
tt6723592	Tenet
tt6751668	Parasite
tt6772802	Hillbilly Elegy
tt6791350	Guardians of the Galaxy Vol. 3
tt6794476	Dear Basketball
tt6802400	Coming 2 America
tt6803040	Marguerite
tt6813264	Detainment
tt6878306	News of the World
tt6900448	Mirai
tt6938828	At Eternity's Gate
tt6939026	Period. End of Sentence.
tt6966692	Green Book
tt7048622	The Insult
tt7077824	Late Afternoon
tt7083526	Breakthrough
tt7090150	Negative Space
tt7125860	If Beale Street Could Talk
tt7129636	Hair Love
tt7131622	Once upon a Time...in Hollywood
tt7146812	Onward
tt7160372	The Zone of Interest
tt7178226	The Cave
tt7286456	Joker
tt7322224	Triangle of Sadness
tt7332306	Skin
tt7349662	BlacKkKlansman
tt7375186	Weekends
tt7389366	Heroin(e)
tt7440094	Black Sheep
tt7446332	Lifeboat
tt7467476	Fauve
tt7476236	Minding the Gap
tt7488208	Over the Moon
tt7519174	Of Fathers and Sons
tt7535612	A Night at The Garden
tt7549996	Judy
tt7653254	Marriage Story
tt7689964	RBG
tt7740496	Nightmare Alley
tt7775622	Free Solo
tt7874708	Traffic Stop
tt7879350	End Game
tt7914938	Ala Kachuu - Take and Run
tt7979580	The Mitchells vs. the Machines
tt7984734	The Lighthouse
tt8075192	Shoplifters
tt8075496	Bao
tt8097030	Turning Red
tt8105234	Flamin' Hot
tt8129806	To Leslie
tt8163822	The Neighbors' Window
tt8178634	RRR
tt8267604	Capernaum
tt8291806	Pain and Glory
tt8333746	Pinocchio
tt8368368	The Apprentice
tt8404614	The Two Popes
tt8430054	Flee
tt8521718	The United States vs. Billie Holiday
tt8551848	Nefta Football Club
tt8579674	1917
tt8580274	Eurovision Song Contest: The Story of Fire Saga
tt8615478	Animal Behaviour
tt8633462	Quo Vadis, Aida?
tt8649186	Corpus Christi
tt8721424	tick, tick...BOOM!
tt8767544	A Sister
tt8783042	One Small Step
tt8906678	Brotherhood
tt8923484	Crip Camp
tt8946378	Knives Out
tt8991268	Honeyland
tt8993180	A Love Song for Latasha
tt8999762	The Brutalist
tt9032798	Sister
tt9051908	Living
tt9100054	The Lost Daughter
tt9114286	Black Panther: Wakanda Forever
tt9115530	The Eyes of Tammy Faye
tt9204606	Life Overtakes Me
tt9214832	Emma
tt9218128	Gladiator II
tt9280166	Feeling Through
tt9288046	The Sea Beast
tt9351980	American Factory
tt9362722	Spider-Man: Across the Spider-Verse
tt9376612	Shang-Chi and the Legend of the Ten Rings
tt9464038	The Windshield Wiper
tt9464764	In the Absence
tt9536832	Kitbull
tt9586294	Better Days
tt9603212	Mission: Impossible - Dead Reckoning Part One
tt9617456	For Sama
tt9620288	King Richard
tt9620292	Promising Young Woman
tt9660502	Close
tt9770150	Nomadland
tt9777644	Da 5 Bloods
tt9784798	Judas and the Black Messiah
tt9806192	I Lost My Body
